Timestamp,Stock,Spot Price,Expiry Date,Strike Price,CE Last Price,PE Last Price
2025-02-19 13:15:02,RELIANCE,1226.3,27-Feb-2025,1020.0,208.5,0.2
2025-02-19 13:15:02,RELIANCE,1226.3,27-Mar-2025,1020.0,0.0,0.0
2025-02-19 13:15:02,RELIANCE,1226.3,27-Feb-2025,1040.0,0.0,0.2
2025-02-19 13:15:02,RELIANCE,1226.3,27-Mar-2025,1040.0,0.0,0.0
2025-02-19 13:15:02,RELIANCE,1226.3,24-Apr-2025,1040.0,,4.0
2025-02-19 13:15:02,RELIANCE,1226.3,27-Feb-2025,1060.0,0.0,0.2
2025-02-19 13:15:02,RELIANCE,1226.3,27-Mar-2025,1060.0,0.0,1.75
2025-02-19 13:15:02,RELIANCE,1226.3,27-Feb-2025,1080.0,0.0,0.15
2025-02-19 13:15:02,RELIANCE,1226.3,27-Mar-2025,1080.0,0.0,2.35
2025-02-19 13:15:02,RELIANCE,1226.3,27-Feb-2025,1090.0,,0.2
2025-02-19 13:15:02,RELIANCE,1226.3,27-Feb-2025,1100.0,129.0,0.35
2025-02-19 13:15:02,RELIANCE,1226.3,27-Mar-2025,1100.0,137.5,3.45
2025-02-19 13:15:02,RELIANCE,1226.3,24-Apr-2025,1100.0,,0.0
2025-02-19 13:15:02,RELIANCE,1226.3,27-Feb-2025,1110.0,0.0,0.35
2025-02-19 13:15:02,RELIANCE,1226.3,27-Mar-2025,1110.0,0.0,0.0
2025-02-19 13:15:02,RELIANCE,1226.3,27-Feb-2025,1120.0,0.0,0.35
2025-02-19 13:15:02,RELIANCE,1226.3,27-Mar-2025,1120.0,0.0,4.85
2025-02-19 13:15:02,RELIANCE,1226.3,27-Feb-2025,1130.0,99.0,0.65
2025-02-19 13:15:02,RELIANCE,1226.3,27-Mar-2025,1130.0,0.0,5.85
2025-02-19 13:15:02,RELIANCE,1226.3,27-Feb-2025,1140.0,0.0,0.7
2025-02-19 13:15:02,RELIANCE,1226.3,27-Mar-2025,1140.0,0.0,6.9
2025-02-19 13:15:02,RELIANCE,1226.3,24-Apr-2025,1140.0,,12.0
2025-02-19 13:15:02,RELIANCE,1226.3,27-Feb-2025,1150.0,80.05,0.95
2025-02-19 13:15:02,RELIANCE,1226.3,27-Mar-2025,1150.0,94.5,8.2
2025-02-19 13:15:02,RELIANCE,1226.3,27-Feb-2025,1160.0,69.65,1.3
2025-02-19 13:15:02,RELIANCE,1226.3,27-Mar-2025,1160.0,86.0,9.7
2025-02-19 13:15:02,RELIANCE,1226.3,27-Feb-2025,1170.0,60.0,1.75
2025-02-19 13:15:02,RELIANCE,1226.3,27-Mar-2025,1170.0,77.0,11.65
2025-02-19 13:15:02,RELIANCE,1226.3,27-Feb-2025,1180.0,51.0,2.5
2025-02-19 13:15:02,RELIANCE,1226.3,27-Mar-2025,1180.0,69.05,13.55
2025-02-19 13:15:02,RELIANCE,1226.3,24-Apr-2025,1180.0,,0.0
2025-02-19 13:15:02,RELIANCE,1226.3,27-Feb-2025,1190.0,42.05,3.7
2025-02-19 13:15:02,RELIANCE,1226.3,27-Mar-2025,1190.0,62.0,16.35
2025-02-19 13:15:02,RELIANCE,1226.3,27-Feb-2025,1200.0,33.75,5.3
2025-02-19 13:15:02,RELIANCE,1226.3,27-Mar-2025,1200.0,55.1,19.25
2025-02-19 13:15:02,RELIANCE,1226.3,24-Apr-2025,1200.0,70.0,25.25
2025-02-19 13:15:02,RELIANCE,1226.3,27-Feb-2025,1210.0,25.8,7.3
2025-02-19 13:15:02,RELIANCE,1226.3,27-Mar-2025,1210.0,48.45,22.35
2025-02-19 13:15:02,RELIANCE,1226.3,27-Feb-2025,1220.0,19.0,10.5
2025-02-19 13:15:02,RELIANCE,1226.3,27-Mar-2025,1220.0,42.25,26.25
2025-02-19 13:15:02,RELIANCE,1226.3,24-Apr-2025,1220.0,0.0,0.0
2025-02-19 13:15:02,RELIANCE,1226.3,27-Feb-2025,1230.0,13.3,14.75
2025-02-19 13:15:02,RELIANCE,1226.3,27-Mar-2025,1230.0,36.6,30.4
2025-02-19 13:15:02,RELIANCE,1226.3,27-Feb-2025,1240.0,9.0,20.35
2025-02-19 13:15:02,RELIANCE,1226.3,27-Mar-2025,1240.0,30.9,34.95
2025-02-19 13:15:02,RELIANCE,1226.3,24-Apr-2025,1240.0,0.0,0.0
2025-02-19 13:15:02,RELIANCE,1226.3,27-Feb-2025,1250.0,6.25,27.45
2025-02-19 13:15:02,RELIANCE,1226.3,27-Mar-2025,1250.0,26.35,40.3
2025-02-19 13:15:02,RELIANCE,1226.3,27-Feb-2025,1260.0,3.85,35.2
2025-02-19 13:15:02,RELIANCE,1226.3,27-Mar-2025,1260.0,22.3,45.9
2025-02-19 13:15:02,RELIANCE,1226.3,24-Apr-2025,1260.0,0.0,
2025-02-19 13:15:02,RELIANCE,1226.3,27-Feb-2025,1270.0,2.25,43.45
2025-02-19 13:15:02,RELIANCE,1226.3,27-Mar-2025,1270.0,18.65,51.35
2025-02-19 13:15:02,RELIANCE,1226.3,27-Feb-2025,1280.0,1.5,52.55
2025-02-19 13:15:02,RELIANCE,1226.3,27-Mar-2025,1280.0,15.35,58.45
2025-02-19 13:15:02,RELIANCE,1226.3,24-Apr-2025,1280.0,0.0,
2025-02-19 13:15:02,RELIANCE,1226.3,27-Feb-2025,1290.0,1.2,62.55
2025-02-19 13:15:02,RELIANCE,1226.3,27-Mar-2025,1290.0,12.85,65.0
2025-02-19 13:15:02,RELIANCE,1226.3,27-Feb-2025,1300.0,0.85,71.85
2025-02-19 13:15:02,RELIANCE,1226.3,27-Mar-2025,1300.0,10.75,73.75
2025-02-19 13:15:02,RELIANCE,1226.3,24-Apr-2025,1300.0,20.7,0.0
2025-02-19 13:15:02,RELIANCE,1226.3,27-Feb-2025,1310.0,0.65,80.7
2025-02-19 13:15:02,RELIANCE,1226.3,27-Mar-2025,1310.0,8.8,79.4
2025-02-19 13:15:02,RELIANCE,1226.3,27-Feb-2025,1320.0,0.55,91.4
2025-02-19 13:15:02,RELIANCE,1226.3,27-Mar-2025,1320.0,7.2,0.0
2025-02-19 13:15:02,RELIANCE,1226.3,24-Apr-2025,1320.0,0.0,
2025-02-19 13:15:02,RELIANCE,1226.3,27-Feb-2025,1330.0,0.45,100.55
2025-02-19 13:15:02,RELIANCE,1226.3,27-Mar-2025,1330.0,5.9,0.0
2025-02-19 13:15:02,RELIANCE,1226.3,27-Feb-2025,1340.0,0.35,111.0
2025-02-19 13:15:02,RELIANCE,1226.3,27-Mar-2025,1340.0,5.05,102.0
2025-02-19 13:15:02,RELIANCE,1226.3,24-Apr-2025,1340.0,0.0,
2025-02-19 13:15:02,RELIANCE,1226.3,27-Feb-2025,1350.0,0.4,120.5
2025-02-19 13:15:02,RELIANCE,1226.3,27-Mar-2025,1350.0,4.1,116.65
2025-02-19 13:15:02,RELIANCE,1226.3,27-Feb-2025,1360.0,0.3,131.05
2025-02-19 13:15:02,RELIANCE,1226.3,27-Mar-2025,1360.0,3.55,0.0
2025-02-19 13:15:02,RELIANCE,1226.3,24-Apr-2025,1360.0,0.0,
2025-02-19 13:15:02,RELIANCE,1226.3,27-Feb-2025,1370.0,0.35,139.0
2025-02-19 13:15:02,RELIANCE,1226.3,27-Mar-2025,1370.0,3.1,0.0
2025-02-19 13:15:02,RELIANCE,1226.3,27-Feb-2025,1380.0,0.25,149.0
2025-02-19 13:15:02,RELIANCE,1226.3,27-Mar-2025,1380.0,2.6,0.0
2025-02-19 13:15:02,RELIANCE,1226.3,27-Feb-2025,1390.0,0.25,0.0
2025-02-19 13:15:02,RELIANCE,1226.3,27-Mar-2025,1390.0,2.35,0.0
2025-02-19 13:15:02,RELIANCE,1226.3,27-Feb-2025,1400.0,0.25,171.05
2025-02-19 13:15:02,RELIANCE,1226.3,27-Mar-2025,1400.0,2.15,164.0
2025-02-19 13:15:02,RELIANCE,1226.3,24-Apr-2025,1400.0,7.0,0.0
2025-02-19 13:15:02,RELIANCE,1226.3,27-Feb-2025,1410.0,0.15,0.0
2025-02-19 13:15:02,RELIANCE,1226.3,27-Mar-2025,1410.0,2.3,172.0
2025-02-19 13:15:02,RELIANCE,1226.3,27-Feb-2025,1420.0,0.15,0.0
2025-02-19 13:15:02,RELIANCE,1226.3,27-Mar-2025,1420.0,1.7,0.0
2025-02-19 13:15:02,RELIANCE,1226.3,27-Feb-2025,1430.0,0.1,0.0
2025-02-19 13:15:02,RELIANCE,1226.3,27-Feb-2025,1440.0,0.1,210.35
2025-02-19 13:15:02,RELIANCE,1226.3,27-Mar-2025,1440.0,1.45,0.0
2025-02-19 13:15:02,RELIANCE,1226.3,24-Apr-2025,1440.0,4.2,
2025-02-19 13:15:02,RELIANCE,1226.3,27-Feb-2025,1460.0,0.1,226.0
2025-02-19 13:15:02,RELIANCE,1226.3,27-Mar-2025,1460.0,1.05,220.0
2025-02-19 13:15:02,RELIANCE,1226.3,27-Feb-2025,1480.0,0.1,248.25
2025-02-19 13:15:02,RELIANCE,1226.3,27-Mar-2025,1480.0,0.75,240.0
2025-02-19 13:15:02,RELIANCE,1226.3,24-Apr-2025,1480.0,2.7,
2025-02-19 13:15:02,RELIANCE,1226.3,27-Feb-2025,1500.0,0.05,270.0
2025-02-19 13:15:02,RELIANCE,1226.3,27-Feb-2025,1520.0,0.1,284.9
2025-02-19 13:15:02,RELIANCE,1226.3,27-Mar-2025,1520.0,0.0,0.0
2025-02-19 13:15:05,TCS,3785.0,27-Feb-2025,3200.0,605.0,1.15
2025-02-19 13:15:05,TCS,3785.0,27-Mar-2025,3200.0,0.0,0.0
2025-02-19 13:15:05,TCS,3785.0,27-Feb-2025,3300.0,0.0,1.05
2025-02-19 13:15:05,TCS,3785.0,27-Mar-2025,3300.0,0.0,0.0
2025-02-19 13:15:05,TCS,3785.0,27-Feb-2025,3400.0,386.0,1.35
2025-02-19 13:15:05,TCS,3785.0,27-Mar-2025,3400.0,0.0,10.65
2025-02-19 13:15:05,TCS,3785.0,24-Apr-2025,3400.0,,23.1
2025-02-19 13:15:05,TCS,3785.0,27-Feb-2025,3450.0,0.0,0.0
2025-02-19 13:15:05,TCS,3785.0,27-Mar-2025,3450.0,0.0,0.0
2025-02-19 13:15:05,TCS,3785.0,27-Feb-2025,3500.0,295.0,2.45
2025-02-19 13:15:05,TCS,3785.0,27-Mar-2025,3500.0,325.05,19.65
2025-02-19 13:15:05,TCS,3785.0,24-Apr-2025,3500.0,,0.0
2025-02-19 13:15:05,TCS,3785.0,27-Feb-2025,3550.0,0.0,3.4
2025-02-19 13:15:05,TCS,3785.0,27-Mar-2025,3550.0,0.0,0.0
2025-02-19 13:15:05,TCS,3785.0,27-Feb-2025,3600.0,192.0,5.7
2025-02-19 13:15:05,TCS,3785.0,27-Mar-2025,3600.0,0.0,33.55
2025-02-19 13:15:05,TCS,3785.0,24-Apr-2025,3600.0,,0.0
2025-02-19 13:15:05,TCS,3785.0,27-Feb-2025,3650.0,147.45,10.1
2025-02-19 13:15:05,TCS,3785.0,27-Mar-2025,3650.0,0.0,44.55
2025-02-19 13:15:05,TCS,3785.0,27-Feb-2025,3700.0,106.0,18.75
2025-02-19 13:15:05,TCS,3785.0,27-Mar-2025,3700.0,169.15,57.5
2025-02-19 13:15:05,TCS,3785.0,24-Apr-2025,3700.0,,84.25
2025-02-19 13:15:05,TCS,3785.0,27-Feb-2025,3750.0,70.6,33.5
2025-02-19 13:15:05,TCS,3785.0,27-Mar-2025,3750.0,135.0,75.05
2025-02-19 13:15:05,TCS,3785.0,27-Feb-2025,3800.0,43.7,55.8
2025-02-19 13:15:05,TCS,3785.0,27-Mar-2025,3800.0,107.05,96.05
2025-02-19 13:15:05,TCS,3785.0,24-Apr-2025,3800.0,0.0,122.95
2025-02-19 13:15:05,TCS,3785.0,27-Feb-2025,3850.0,25.0,87.7
2025-02-19 13:15:05,TCS,3785.0,27-Mar-2025,3850.0,82.0,121.2
2025-02-19 13:15:05,TCS,3785.0,27-Feb-2025,3900.0,13.85,125.55
2025-02-19 13:15:05,TCS,3785.0,27-Mar-2025,3900.0,61.65,151.0
2025-02-19 13:15:05,TCS,3785.0,24-Apr-2025,3900.0,0.0,0.0
2025-02-19 13:15:05,TCS,3785.0,27-Feb-2025,3950.0,7.65,171.9
2025-02-19 13:15:05,TCS,3785.0,27-Mar-2025,3950.0,46.0,0.0
2025-02-19 13:15:05,TCS,3785.0,27-Feb-2025,4000.0,4.6,215.45
2025-02-19 13:15:05,TCS,3785.0,27-Mar-2025,4000.0,33.25,221.0
2025-02-19 13:15:05,TCS,3785.0,24-Apr-2025,4000.0,73.1,245.0
2025-02-19 13:15:05,TCS,3785.0,27-Feb-2025,4050.0,2.95,264.8
2025-02-19 13:15:05,TCS,3785.0,27-Mar-2025,4050.0,24.5,0.0
2025-02-19 13:15:05,TCS,3785.0,27-Feb-2025,4100.0,2.05,312.9
2025-02-19 13:15:05,TCS,3785.0,27-Mar-2025,4100.0,18.3,308.0
2025-02-19 13:15:05,TCS,3785.0,24-Apr-2025,4100.0,0.0,
2025-02-19 13:15:05,TCS,3785.0,27-Feb-2025,4150.0,1.6,360.0
2025-02-19 13:15:05,TCS,3785.0,27-Mar-2025,4150.0,13.3,0.0
2025-02-19 13:15:05,TCS,3785.0,27-Feb-2025,4200.0,1.3,413.0
2025-02-19 13:15:05,TCS,3785.0,27-Mar-2025,4200.0,10.55,394.65
2025-02-19 13:15:05,TCS,3785.0,24-Apr-2025,4200.0,32.2,
2025-02-19 13:15:05,TCS,3785.0,27-Feb-2025,4250.0,1.0,0.0
2025-02-19 13:15:05,TCS,3785.0,27-Mar-2025,4250.0,7.7,0.0
2025-02-19 13:15:05,TCS,3785.0,27-Feb-2025,4300.0,1.05,514.4
2025-02-19 13:15:05,TCS,3785.0,27-Mar-2025,4300.0,6.1,487.05
2025-02-19 13:15:05,TCS,3785.0,24-Apr-2025,4300.0,22.0,
2025-02-19 13:15:05,TCS,3785.0,27-Feb-2025,4350.0,0.95,0.0
2025-02-19 13:15:05,TCS,3785.0,27-Mar-2025,4350.0,5.1,0.0
2025-02-19 13:15:05,TCS,3785.0,27-Feb-2025,4400.0,0.65,608.7
2025-02-19 13:15:05,TCS,3785.0,27-Mar-2025,4400.0,3.75,583.0
2025-02-19 13:15:05,TCS,3785.0,24-Apr-2025,4400.0,13.35,
2025-02-19 13:15:05,TCS,3785.0,27-Feb-2025,4450.0,0.7,0.0
2025-02-19 13:15:05,TCS,3785.0,27-Mar-2025,4450.0,0.0,0.0
2025-02-19 13:15:05,TCS,3785.0,27-Feb-2025,4500.0,0.7,709.0
2025-02-19 13:15:05,TCS,3785.0,27-Mar-2025,4500.0,3.25,676.0
2025-02-19 13:15:05,TCS,3785.0,27-Feb-2025,4550.0,0.7,0.0
2025-02-19 13:15:05,TCS,3785.0,27-Mar-2025,4550.0,0.0,0.0
2025-02-19 13:15:05,TCS,3785.0,27-Feb-2025,4600.0,0.65,0.0
2025-02-19 13:15:05,TCS,3785.0,27-Mar-2025,4600.0,2.7,0.0
2025-02-19 13:15:05,TCS,3785.0,24-Apr-2025,4600.0,0.0,
2025-02-19 13:15:05,TCS,3785.0,27-Feb-2025,4650.0,0.3,
2025-02-19 13:15:05,TCS,3785.0,27-Feb-2025,4700.0,0.35,0.0
2025-02-19 13:15:05,TCS,3785.0,27-Mar-2025,4700.0,2.5,0.0
2025-02-19 13:15:05,TCS,3785.0,27-Feb-2025,4800.0,0.5,1025.0
2025-02-19 13:15:05,TCS,3785.0,27-Mar-2025,4800.0,0.0,0.0
2025-02-19 13:15:05,TCS,3785.0,27-Feb-2025,4900.0,0.45,0.0
2025-02-19 13:15:05,TCS,3785.0,27-Feb-2025,5000.0,0.0,0.0
2025-02-19 13:15:08,INFY,1810.85,27-Feb-2025,1480.0,,0.0
2025-02-19 13:15:08,INFY,1810.85,27-Feb-2025,1520.0,0.0,0.1
2025-02-19 13:15:08,INFY,1810.85,27-Mar-2025,1520.0,0.0,0.0
2025-02-19 13:15:08,INFY,1810.85,27-Feb-2025,1560.0,269.2,0.15
2025-02-19 13:15:08,INFY,1810.85,27-Mar-2025,1560.0,0.0,0.0
2025-02-19 13:15:08,INFY,1810.85,27-Feb-2025,1600.0,245.0,0.4
2025-02-19 13:15:08,INFY,1810.85,27-Mar-2025,1600.0,0.0,5.0
2025-02-19 13:15:08,INFY,1810.85,24-Apr-2025,1600.0,,0.0
2025-02-19 13:15:08,INFY,1810.85,27-Feb-2025,1620.0,,0.25
2025-02-19 13:15:08,INFY,1810.85,27-Feb-2025,1640.0,0.0,0.5
2025-02-19 13:15:08,INFY,1810.85,27-Mar-2025,1640.0,0.0,7.1
2025-02-19 13:15:08,INFY,1810.85,27-Feb-2025,1660.0,0.0,0.7
2025-02-19 13:15:08,INFY,1810.85,27-Mar-2025,1660.0,0.0,8.75
2025-02-19 13:15:08,INFY,1810.85,27-Feb-2025,1680.0,0.0,1.0
2025-02-19 13:15:08,INFY,1810.85,27-Mar-2025,1680.0,0.0,10.85
2025-02-19 13:15:08,INFY,1810.85,27-Feb-2025,1700.0,116.7,1.8
2025-02-19 13:15:08,INFY,1810.85,27-Mar-2025,1700.0,136.5,13.8
2025-02-19 13:15:08,INFY,1810.85,27-Feb-2025,1720.0,96.8,2.8
2025-02-19 13:15:08,INFY,1810.85,27-Mar-2025,1720.0,119.0,16.2
2025-02-19 13:15:08,INFY,1810.85,24-Apr-2025,1720.0,,0.0
2025-02-19 13:15:08,INFY,1810.85,27-Feb-2025,1740.0,78.35,4.6
2025-02-19 13:15:08,INFY,1810.85,27-Mar-2025,1740.0,102.0,20.8
2025-02-19 13:15:08,INFY,1810.85,27-Feb-2025,1760.0,62.5,7.55
2025-02-19 13:15:08,INFY,1810.85,27-Mar-2025,1760.0,103.0,25.55
2025-02-19 13:15:08,INFY,1810.85,24-Apr-2025,1760.0,,0.0
2025-02-19 13:15:08,INFY,1810.85,27-Feb-2025,1780.0,46.15,12.0
2025-02-19 13:15:08,INFY,1810.85,27-Mar-2025,1780.0,74.15,32.15
2025-02-19 13:15:08,INFY,1810.85,27-Feb-2025,1800.0,32.85,18.6
2025-02-19 13:15:08,INFY,1810.85,27-Mar-2025,1800.0,63.25,39.5
2025-02-19 13:15:08,INFY,1810.85,24-Apr-2025,1800.0,0.0,0.0
2025-02-19 13:15:08,INFY,1810.85,27-Feb-2025,1820.0,21.95,27.5
2025-02-19 13:15:08,INFY,1810.85,27-Mar-2025,1820.0,51.6,47.2
2025-02-19 13:15:08,INFY,1810.85,27-Feb-2025,1840.0,13.7,39.4
2025-02-19 13:15:08,INFY,1810.85,27-Mar-2025,1840.0,41.7,57.1
2025-02-19 13:15:08,INFY,1810.85,24-Apr-2025,1840.0,0.0,76.6
2025-02-19 13:15:08,INFY,1810.85,27-Feb-2025,1860.0,8.0,53.5
2025-02-19 13:15:08,INFY,1810.85,27-Mar-2025,1860.0,33.05,68.55
2025-02-19 13:15:08,INFY,1810.85,27-Feb-2025,1880.0,4.35,69.15
2025-02-19 13:15:08,INFY,1810.85,27-Mar-2025,1880.0,26.5,82.8
2025-02-19 13:15:08,INFY,1810.85,24-Apr-2025,1880.0,0.0,
2025-02-19 13:15:08,INFY,1810.85,27-Feb-2025,1900.0,2.3,87.5
2025-02-19 13:15:08,INFY,1810.85,27-Mar-2025,1900.0,20.8,95.9
2025-02-19 13:15:08,INFY,1810.85,27-Feb-2025,1920.0,1.15,105.35
2025-02-19 13:15:08,INFY,1810.85,27-Mar-2025,1920.0,16.05,95.0
2025-02-19 13:15:08,INFY,1810.85,24-Apr-2025,1920.0,0.0,
2025-02-19 13:15:08,INFY,1810.85,27-Feb-2025,1940.0,0.75,125.85
2025-02-19 13:15:08,INFY,1810.85,27-Mar-2025,1940.0,12.6,125.6
2025-02-19 13:15:08,INFY,1810.85,27-Feb-2025,1960.0,0.65,141.0
2025-02-19 13:15:08,INFY,1810.85,27-Mar-2025,1960.0,9.45,0.0
2025-02-19 13:15:08,INFY,1810.85,24-Apr-2025,1960.0,0.0,
2025-02-19 13:15:08,INFY,1810.85,27-Feb-2025,1980.0,0.7,153.0
2025-02-19 13:15:08,INFY,1810.85,27-Mar-2025,1980.0,7.35,149.5
2025-02-19 13:15:08,INFY,1810.85,27-Feb-2025,2000.0,0.6,184.2
2025-02-19 13:15:08,INFY,1810.85,27-Mar-2025,2000.0,5.6,178.0
2025-02-19 13:15:08,INFY,1810.85,24-Apr-2025,2000.0,18.7,0.0
2025-02-19 13:15:08,INFY,1810.85,27-Feb-2025,2020.0,0.45,0.0
2025-02-19 13:15:08,INFY,1810.85,27-Mar-2025,2020.0,4.1,0.0
2025-02-19 13:15:08,INFY,1810.85,27-Feb-2025,2040.0,0.4,211.1
2025-02-19 13:15:08,INFY,1810.85,27-Mar-2025,2040.0,3.35,203.95
2025-02-19 13:15:08,INFY,1810.85,24-Apr-2025,2040.0,0.0,
2025-02-19 13:15:08,INFY,1810.85,27-Feb-2025,2060.0,0.45,0.0
2025-02-19 13:15:08,INFY,1810.85,27-Mar-2025,2060.0,0.0,0.0
2025-02-19 13:15:08,INFY,1810.85,27-Feb-2025,2080.0,0.2,0.0
2025-02-19 13:15:08,INFY,1810.85,27-Mar-2025,2080.0,2.5,0.0
2025-02-19 13:15:08,INFY,1810.85,24-Apr-2025,2080.0,0.0,
2025-02-19 13:15:08,INFY,1810.85,27-Feb-2025,2100.0,0.15,283.0
2025-02-19 13:15:08,INFY,1810.85,27-Mar-2025,2100.0,2.75,262.1
2025-02-19 13:15:08,INFY,1810.85,27-Feb-2025,2120.0,0.05,0.0
2025-02-19 13:15:08,INFY,1810.85,27-Mar-2025,2120.0,1.7,0.0
2025-02-19 13:15:08,INFY,1810.85,27-Feb-2025,2140.0,0.15,
2025-02-19 13:15:08,INFY,1810.85,27-Feb-2025,2160.0,0.1,0.0
2025-02-19 13:15:08,INFY,1810.85,27-Mar-2025,2160.0,0.55,316.0
2025-02-19 13:15:08,INFY,1810.85,27-Feb-2025,2200.0,0.2,0.0
2025-02-19 13:15:08,INFY,1810.85,27-Mar-2025,2200.0,0.0,0.0
2025-02-19 13:15:08,INFY,1810.85,27-Feb-2025,2240.0,0.2,0.0
2025-02-19 13:15:08,INFY,1810.85,27-Mar-2025,2240.0,0.0,0.0
2025-02-19 13:15:08,INFY,1810.85,24-Apr-2025,2240.0,0.0,
2025-02-19 13:15:08,INFY,1810.85,27-Feb-2025,2280.0,0.2,0.0
2025-02-19 13:15:12,SBIN,726.0,27-Feb-2025,600.0,0.0,0.05
2025-02-19 13:15:12,SBIN,726.0,27-Mar-2025,600.0,0.0,0.85
2025-02-19 13:15:12,SBIN,726.0,24-Apr-2025,600.0,,0.0
2025-02-19 13:15:12,SBIN,726.0,27-Feb-2025,620.0,0.0,0.1
2025-02-19 13:15:12,SBIN,726.0,27-Mar-2025,620.0,0.0,1.2
2025-02-19 13:15:12,SBIN,726.0,27-Feb-2025,630.0,0.0,0.1
2025-02-19 13:15:12,SBIN,726.0,27-Mar-2025,630.0,0.0,0.0
2025-02-19 13:15:12,SBIN,726.0,27-Feb-2025,640.0,94.45,0.15
2025-02-19 13:15:12,SBIN,726.0,27-Mar-2025,640.0,0.0,1.95
2025-02-19 13:15:12,SBIN,726.0,24-Apr-2025,640.0,0.0,0.0
2025-02-19 13:15:12,SBIN,726.0,27-Feb-2025,650.0,76.5,0.25
2025-02-19 13:15:12,SBIN,726.0,27-Mar-2025,650.0,0.0,2.5
2025-02-19 13:15:12,SBIN,726.0,27-Feb-2025,660.0,0.0,0.35
2025-02-19 13:15:12,SBIN,726.0,27-Mar-2025,660.0,0.0,3.35
2025-02-19 13:15:12,SBIN,726.0,24-Apr-2025,660.0,,0.0
2025-02-19 13:15:12,SBIN,726.0,27-Feb-2025,670.0,59.25,0.6
2025-02-19 13:15:12,SBIN,726.0,27-Mar-2025,670.0,0.0,4.4
2025-02-19 13:15:12,SBIN,726.0,27-Feb-2025,680.0,47.95,0.85
2025-02-19 13:15:12,SBIN,726.0,27-Mar-2025,680.0,56.2,5.8
2025-02-19 13:15:12,SBIN,726.0,24-Apr-2025,680.0,,0.0
2025-02-19 13:15:12,SBIN,726.0,27-Feb-2025,690.0,38.25,1.3
2025-02-19 13:15:12,SBIN,726.0,27-Mar-2025,690.0,54.5,7.7
2025-02-19 13:15:12,SBIN,726.0,27-Feb-2025,700.0,29.5,2.25
2025-02-19 13:15:12,SBIN,726.0,27-Mar-2025,700.0,41.2,10.0
2025-02-19 13:15:12,SBIN,726.0,24-Apr-2025,700.0,,15.0
2025-02-19 13:15:12,SBIN,726.0,27-Feb-2025,710.0,20.9,3.8
2025-02-19 13:15:12,SBIN,726.0,27-Mar-2025,710.0,34.45,13.05
2025-02-19 13:15:12,SBIN,726.0,27-Feb-2025,720.0,13.7,6.55
2025-02-19 13:15:12,SBIN,726.0,27-Mar-2025,720.0,28.4,16.9
2025-02-19 13:15:12,SBIN,726.0,24-Apr-2025,720.0,0.0,19.0
2025-02-19 13:15:12,SBIN,726.0,27-Feb-2025,730.0,8.25,11.1
2025-02-19 13:15:12,SBIN,726.0,27-Mar-2025,730.0,22.95,21.45
2025-02-19 13:15:12,SBIN,726.0,27-Feb-2025,740.0,4.8,17.8
2025-02-19 13:15:12,SBIN,726.0,27-Mar-2025,740.0,18.35,26.75
2025-02-19 13:15:12,SBIN,726.0,24-Apr-2025,740.0,26.75,0.0
2025-02-19 13:15:12,SBIN,726.0,27-Feb-2025,750.0,2.9,25.75
2025-02-19 13:15:12,SBIN,726.0,27-Mar-2025,750.0,14.4,32.7
2025-02-19 13:15:12,SBIN,726.0,27-Feb-2025,760.0,1.85,34.85
2025-02-19 13:15:12,SBIN,726.0,27-Mar-2025,760.0,10.95,39.5
2025-02-19 13:15:12,SBIN,726.0,24-Apr-2025,760.0,18.5,
2025-02-19 13:15:12,SBIN,726.0,27-Feb-2025,770.0,1.2,44.15
2025-02-19 13:15:12,SBIN,726.0,27-Mar-2025,770.0,8.35,46.5
2025-02-19 13:15:12,SBIN,726.0,27-Feb-2025,780.0,0.75,53.7
2025-02-19 13:15:12,SBIN,726.0,27-Mar-2025,780.0,6.35,54.3
2025-02-19 13:15:12,SBIN,726.0,24-Apr-2025,780.0,13.0,
2025-02-19 13:15:12,SBIN,726.0,27-Feb-2025,790.0,0.5,62.8
2025-02-19 13:15:12,SBIN,726.0,27-Mar-2025,790.0,4.9,0.0
2025-02-19 13:15:12,SBIN,726.0,27-Feb-2025,800.0,0.45,73.6
2025-02-19 13:15:12,SBIN,726.0,27-Mar-2025,800.0,3.85,71.25
2025-02-19 13:15:12,SBIN,726.0,24-Apr-2025,800.0,8.8,0.0
2025-02-19 13:15:12,SBIN,726.0,27-Feb-2025,810.0,0.2,82.0
2025-02-19 13:15:12,SBIN,726.0,27-Mar-2025,810.0,2.9,0.0
2025-02-19 13:15:12,SBIN,726.0,27-Feb-2025,820.0,0.2,94.05
2025-02-19 13:15:12,SBIN,726.0,27-Mar-2025,820.0,2.15,89.0
2025-02-19 13:15:12,SBIN,726.0,24-Apr-2025,820.0,0.0,
2025-02-19 13:15:12,SBIN,726.0,27-Feb-2025,830.0,0.15,103.0
2025-02-19 13:15:12,SBIN,726.0,27-Mar-2025,830.0,1.8,99.0
2025-02-19 13:15:12,SBIN,726.0,27-Feb-2025,840.0,0.2,115.35
2025-02-19 13:15:12,SBIN,726.0,27-Mar-2025,840.0,1.5,0.0
2025-02-19 13:15:12,SBIN,726.0,24-Apr-2025,840.0,4.0,
2025-02-19 13:15:12,SBIN,726.0,27-Feb-2025,850.0,0.15,124.95
2025-02-19 13:15:12,SBIN,726.0,27-Mar-2025,850.0,1.45,118.65
2025-02-19 13:15:12,SBIN,726.0,27-Feb-2025,860.0,0.15,135.0
2025-02-19 13:15:12,SBIN,726.0,27-Mar-2025,860.0,1.3,0.0
2025-02-19 13:15:12,SBIN,726.0,24-Apr-2025,860.0,2.7,
2025-02-19 13:15:12,SBIN,726.0,27-Feb-2025,870.0,0.15,143.35
2025-02-19 13:15:12,SBIN,726.0,27-Mar-2025,870.0,0.9,137.35
2025-02-19 13:15:12,SBIN,726.0,27-Feb-2025,880.0,0.1,151.5
2025-02-19 13:15:12,SBIN,726.0,27-Mar-2025,880.0,0.8,0.0
2025-02-19 13:15:12,SBIN,726.0,24-Apr-2025,880.0,0.0,
2025-02-19 13:15:12,SBIN,726.0,27-Feb-2025,890.0,0.05,0.0
2025-02-19 13:15:12,SBIN,726.0,27-Feb-2025,900.0,0.05,172.8
2025-02-19 13:15:12,SBIN,726.0,27-Mar-2025,900.0,0.75,167.0
2025-02-19 13:15:12,SBIN,726.0,27-Feb-2025,920.0,0.05,0.0
2025-02-19 13:15:12,SBIN,726.0,27-Feb-2025,960.0,0.1,0.0
2025-02-19 13:15:15,ICICIBANK,1261.5,27-Feb-2025,1000.0,,0.1
2025-02-19 13:15:15,ICICIBANK,1261.5,27-Feb-2025,1020.0,,0.0
2025-02-19 13:15:15,ICICIBANK,1261.5,27-Feb-2025,1040.0,0.0,0.15
2025-02-19 13:15:15,ICICIBANK,1261.5,27-Mar-2025,1040.0,0.0,0.0
2025-02-19 13:15:15,ICICIBANK,1261.5,27-Feb-2025,1060.0,0.0,0.05
2025-02-19 13:15:15,ICICIBANK,1261.5,27-Mar-2025,1060.0,0.0,0.0
2025-02-19 13:15:15,ICICIBANK,1261.5,27-Feb-2025,1080.0,0.0,0.1
2025-02-19 13:15:15,ICICIBANK,1261.5,27-Mar-2025,1080.0,0.0,1.75
2025-02-19 13:15:15,ICICIBANK,1261.5,27-Feb-2025,1090.0,,0.1
2025-02-19 13:15:15,ICICIBANK,1261.5,27-Feb-2025,1100.0,154.0,0.25
2025-02-19 13:15:15,ICICIBANK,1261.5,27-Mar-2025,1100.0,0.0,2.55
2025-02-19 13:15:15,ICICIBANK,1261.5,27-Feb-2025,1110.0,,0.15
2025-02-19 13:15:15,ICICIBANK,1261.5,27-Feb-2025,1120.0,0.0,0.15
2025-02-19 13:15:15,ICICIBANK,1261.5,27-Mar-2025,1120.0,0.0,3.5
2025-02-19 13:15:15,ICICIBANK,1261.5,27-Feb-2025,1130.0,0.0,0.3
2025-02-19 13:15:15,ICICIBANK,1261.5,27-Mar-2025,1130.0,0.0,4.15
2025-02-19 13:15:15,ICICIBANK,1261.5,27-Feb-2025,1140.0,0.0,0.3
2025-02-19 13:15:15,ICICIBANK,1261.5,27-Mar-2025,1140.0,0.0,4.6
2025-02-19 13:15:15,ICICIBANK,1261.5,27-Feb-2025,1150.0,107.3,0.45
2025-02-19 13:15:15,ICICIBANK,1261.5,27-Mar-2025,1150.0,112.5,5.35
2025-02-19 13:15:15,ICICIBANK,1261.5,27-Feb-2025,1160.0,80.9,0.5
2025-02-19 13:15:15,ICICIBANK,1261.5,27-Mar-2025,1160.0,0.0,6.05
2025-02-19 13:15:15,ICICIBANK,1261.5,24-Apr-2025,1160.0,,8.5
2025-02-19 13:15:15,ICICIBANK,1261.5,27-Feb-2025,1170.0,0.0,0.75
2025-02-19 13:15:15,ICICIBANK,1261.5,27-Mar-2025,1170.0,0.0,7.25
2025-02-19 13:15:15,ICICIBANK,1261.5,27-Feb-2025,1180.0,0.0,1.0
2025-02-19 13:15:15,ICICIBANK,1261.5,27-Mar-2025,1180.0,0.0,8.2
2025-02-19 13:15:15,ICICIBANK,1261.5,27-Feb-2025,1190.0,67.8,1.35
2025-02-19 13:15:15,ICICIBANK,1261.5,27-Mar-2025,1190.0,0.0,9.7
2025-02-19 13:15:15,ICICIBANK,1261.5,27-Feb-2025,1200.0,63.0,1.85
2025-02-19 13:15:15,ICICIBANK,1261.5,27-Mar-2025,1200.0,78.1,11.55
2025-02-19 13:15:15,ICICIBANK,1261.5,24-Apr-2025,1200.0,,0.0
2025-02-19 13:15:15,ICICIBANK,1261.5,27-Feb-2025,1210.0,53.4,2.5
2025-02-19 13:15:15,ICICIBANK,1261.5,27-Mar-2025,1210.0,0.0,13.3
2025-02-19 13:15:15,ICICIBANK,1261.5,27-Feb-2025,1220.0,44.35,3.4
2025-02-19 13:15:15,ICICIBANK,1261.5,27-Mar-2025,1220.0,0.0,16.3
2025-02-19 13:15:15,ICICIBANK,1261.5,24-Apr-2025,1220.0,,0.0
2025-02-19 13:15:15,ICICIBANK,1261.5,27-Feb-2025,1230.0,35.7,4.85
2025-02-19 13:15:15,ICICIBANK,1261.5,27-Mar-2025,1230.0,55.25,19.0
2025-02-19 13:15:15,ICICIBANK,1261.5,27-Feb-2025,1240.0,27.95,6.6
2025-02-19 13:15:15,ICICIBANK,1261.5,27-Mar-2025,1240.0,48.5,21.25
2025-02-19 13:15:15,ICICIBANK,1261.5,24-Apr-2025,1240.0,0.0,0.0
2025-02-19 13:15:15,ICICIBANK,1261.5,27-Feb-2025,1250.0,20.7,9.65
2025-02-19 13:15:15,ICICIBANK,1261.5,27-Mar-2025,1250.0,42.2,25.2
2025-02-19 13:15:15,ICICIBANK,1261.5,27-Feb-2025,1260.0,14.7,13.55
2025-02-19 13:15:15,ICICIBANK,1261.5,27-Mar-2025,1260.0,36.2,28.75
2025-02-19 13:15:15,ICICIBANK,1261.5,24-Apr-2025,1260.0,0.0,
2025-02-19 13:15:15,ICICIBANK,1261.5,27-Feb-2025,1270.0,9.85,18.65
2025-02-19 13:15:15,ICICIBANK,1261.5,27-Mar-2025,1270.0,30.4,0.0
2025-02-19 13:15:15,ICICIBANK,1261.5,27-Feb-2025,1280.0,6.35,25.3
2025-02-19 13:15:15,ICICIBANK,1261.5,27-Mar-2025,1280.0,25.95,38.35
2025-02-19 13:15:15,ICICIBANK,1261.5,27-Feb-2025,1290.0,3.95,32.6
2025-02-19 13:15:15,ICICIBANK,1261.5,27-Mar-2025,1290.0,21.5,0.0
2025-02-19 13:15:15,ICICIBANK,1261.5,27-Feb-2025,1300.0,2.45,41.2
2025-02-19 13:15:15,ICICIBANK,1261.5,27-Mar-2025,1300.0,18.0,50.3
2025-02-19 13:15:15,ICICIBANK,1261.5,24-Apr-2025,1300.0,30.0,0.0
2025-02-19 13:15:15,ICICIBANK,1261.5,27-Feb-2025,1310.0,1.55,50.15
2025-02-19 13:15:15,ICICIBANK,1261.5,27-Mar-2025,1310.0,14.75,0.0
2025-02-19 13:15:15,ICICIBANK,1261.5,27-Feb-2025,1320.0,0.95,59.7
2025-02-19 13:15:15,ICICIBANK,1261.5,27-Mar-2025,1320.0,12.15,0.0
2025-02-19 13:15:15,ICICIBANK,1261.5,24-Apr-2025,1320.0,0.0,
2025-02-19 13:15:15,ICICIBANK,1261.5,27-Feb-2025,1330.0,0.65,0.0
2025-02-19 13:15:15,ICICIBANK,1261.5,27-Mar-2025,1330.0,9.8,0.0
2025-02-19 13:15:15,ICICIBANK,1261.5,27-Feb-2025,1340.0,0.55,85.0
2025-02-19 13:15:15,ICICIBANK,1261.5,27-Mar-2025,1340.0,8.1,0.0
2025-02-19 13:15:15,ICICIBANK,1261.5,24-Apr-2025,1340.0,16.0,
2025-02-19 13:15:15,ICICIBANK,1261.5,27-Feb-2025,1350.0,0.45,89.0
2025-02-19 13:15:15,ICICIBANK,1261.5,27-Mar-2025,1350.0,6.5,0.0
2025-02-19 13:15:15,ICICIBANK,1261.5,27-Feb-2025,1360.0,0.25,0.0
2025-02-19 13:15:15,ICICIBANK,1261.5,27-Mar-2025,1360.0,5.15,0.0
2025-02-19 13:15:15,ICICIBANK,1261.5,24-Apr-2025,1360.0,0.0,
2025-02-19 13:15:15,ICICIBANK,1261.5,27-Feb-2025,1370.0,0.45,0.0
2025-02-19 13:15:15,ICICIBANK,1261.5,27-Mar-2025,1370.0,4.05,0.0
2025-02-19 13:15:15,ICICIBANK,1261.5,27-Feb-2025,1380.0,0.25,0.0
2025-02-19 13:15:15,ICICIBANK,1261.5,27-Mar-2025,1380.0,3.45,0.0
2025-02-19 13:15:15,ICICIBANK,1261.5,27-Feb-2025,1390.0,0.25,0.0
2025-02-19 13:15:15,ICICIBANK,1261.5,27-Mar-2025,1390.0,2.9,0.0
2025-02-19 13:15:15,ICICIBANK,1261.5,27-Feb-2025,1400.0,0.2,138.4
2025-02-19 13:15:15,ICICIBANK,1261.5,27-Mar-2025,1400.0,2.3,133.0
2025-02-19 13:15:15,ICICIBANK,1261.5,24-Apr-2025,1400.0,0.0,0.0
2025-02-19 13:15:15,ICICIBANK,1261.5,27-Feb-2025,1410.0,0.15,
2025-02-19 13:15:15,ICICIBANK,1261.5,27-Feb-2025,1420.0,0.15,0.0
2025-02-19 13:15:15,ICICIBANK,1261.5,27-Mar-2025,1420.0,0.0,0.0
2025-02-19 13:15:15,ICICIBANK,1261.5,27-Feb-2025,1430.0,0.0,
2025-02-19 13:15:15,ICICIBANK,1261.5,27-Feb-2025,1440.0,0.15,0.0
2025-02-19 13:15:15,ICICIBANK,1261.5,27-Mar-2025,1440.0,0.0,0.0
2025-02-19 13:15:15,ICICIBANK,1261.5,27-Feb-2025,1460.0,0.15,0.0
2025-02-19 13:15:15,ICICIBANK,1261.5,27-Mar-2025,1460.0,0.0,0.0
2025-02-19 13:15:15,ICICIBANK,1261.5,27-Feb-2025,1480.0,0.0,0.0
2025-02-19 13:15:15,ICICIBANK,1261.5,27-Mar-2025,1480.0,0.0,0.0
2025-02-19 13:15:15,ICICIBANK,1261.5,24-Apr-2025,1480.0,0.0,
2025-02-19 13:15:15,ICICIBANK,1261.5,27-Feb-2025,1500.0,0.2,0.0
2025-02-19 13:15:15,ICICIBANK,1261.5,27-Mar-2025,1520.0,0.8,
2025-02-19 13:15:17,AXISBANK,1009.4,27-Feb-2025,800.0,0.0,0.25
2025-02-19 13:15:17,AXISBANK,1009.4,27-Mar-2025,800.0,0.0,0.0
2025-02-19 13:15:17,AXISBANK,1009.4,27-Feb-2025,820.0,0.0,0.3
2025-02-19 13:15:17,AXISBANK,1009.4,27-Mar-2025,820.0,0.0,0.0
2025-02-19 13:15:17,AXISBANK,1009.4,27-Feb-2025,840.0,0.0,0.05
2025-02-19 13:15:17,AXISBANK,1009.4,27-Mar-2025,840.0,0.0,0.0
2025-02-19 13:15:17,AXISBANK,1009.4,27-Feb-2025,850.0,0.0,0.1
2025-02-19 13:15:17,AXISBANK,1009.4,27-Feb-2025,860.0,0.0,0.1
2025-02-19 13:15:17,AXISBANK,1009.4,27-Mar-2025,860.0,0.0,0.0
2025-02-19 13:15:17,AXISBANK,1009.4,27-Feb-2025,870.0,0.0,0.1
2025-02-19 13:15:17,AXISBANK,1009.4,27-Mar-2025,870.0,0.0,0.0
2025-02-19 13:15:17,AXISBANK,1009.4,27-Feb-2025,880.0,0.0,0.15
2025-02-19 13:15:17,AXISBANK,1009.4,27-Mar-2025,880.0,0.0,0.0
2025-02-19 13:15:17,AXISBANK,1009.4,27-Feb-2025,890.0,0.0,0.2
2025-02-19 13:15:17,AXISBANK,1009.4,27-Mar-2025,890.0,0.0,0.0
2025-02-19 13:15:17,AXISBANK,1009.4,27-Feb-2025,900.0,111.15,0.35
2025-02-19 13:15:17,AXISBANK,1009.4,27-Mar-2025,900.0,118.0,3.35
2025-02-19 13:15:17,AXISBANK,1009.4,27-Feb-2025,910.0,0.0,0.45
2025-02-19 13:15:17,AXISBANK,1009.4,27-Mar-2025,910.0,0.0,3.95
2025-02-19 13:15:17,AXISBANK,1009.4,27-Feb-2025,920.0,0.0,0.6
2025-02-19 13:15:17,AXISBANK,1009.4,27-Mar-2025,920.0,0.0,4.35
2025-02-19 13:15:17,AXISBANK,1009.4,24-Apr-2025,920.0,,0.0
2025-02-19 13:15:17,AXISBANK,1009.4,27-Feb-2025,930.0,76.65,0.8
2025-02-19 13:15:17,AXISBANK,1009.4,27-Mar-2025,930.0,0.0,0.0
2025-02-19 13:15:17,AXISBANK,1009.4,27-Feb-2025,940.0,69.0,1.0
2025-02-19 13:15:17,AXISBANK,1009.4,27-Mar-2025,940.0,0.0,6.45
2025-02-19 13:15:17,AXISBANK,1009.4,24-Apr-2025,940.0,,0.0
2025-02-19 13:15:17,AXISBANK,1009.4,27-Feb-2025,950.0,61.2,1.35
2025-02-19 13:15:17,AXISBANK,1009.4,27-Mar-2025,950.0,0.0,7.35
2025-02-19 13:15:17,AXISBANK,1009.4,27-Feb-2025,960.0,51.1,1.8
2025-02-19 13:15:17,AXISBANK,1009.4,27-Mar-2025,960.0,0.0,9.05
2025-02-19 13:15:17,AXISBANK,1009.4,24-Apr-2025,960.0,,0.0
2025-02-19 13:15:17,AXISBANK,1009.4,27-Feb-2025,970.0,42.6,2.65
2025-02-19 13:15:17,AXISBANK,1009.4,27-Mar-2025,970.0,0.0,11.4
2025-02-19 13:15:17,AXISBANK,1009.4,27-Feb-2025,980.0,34.2,3.85
2025-02-19 13:15:17,AXISBANK,1009.4,27-Mar-2025,980.0,51.55,13.5
2025-02-19 13:15:17,AXISBANK,1009.4,24-Apr-2025,980.0,,0.0
2025-02-19 13:15:17,AXISBANK,1009.4,27-Feb-2025,990.0,25.65,5.65
2025-02-19 13:15:17,AXISBANK,1009.4,27-Mar-2025,990.0,43.05,18.1
2025-02-19 13:15:17,AXISBANK,1009.4,27-Feb-2025,1000.0,18.25,8.2
2025-02-19 13:15:17,AXISBANK,1009.4,27-Mar-2025,1000.0,35.85,19.8
2025-02-19 13:15:17,AXISBANK,1009.4,24-Apr-2025,1000.0,0.0,0.0
2025-02-19 13:15:17,AXISBANK,1009.4,27-Feb-2025,1010.0,12.1,12.1
2025-02-19 13:15:17,AXISBANK,1009.4,27-Mar-2025,1010.0,30.7,25.5
2025-02-19 13:15:17,AXISBANK,1009.4,27-Feb-2025,1020.0,7.6,17.65
2025-02-19 13:15:17,AXISBANK,1009.4,27-Mar-2025,1020.0,24.9,27.5
2025-02-19 13:15:17,AXISBANK,1009.4,24-Apr-2025,1020.0,0.0,
2025-02-19 13:15:17,AXISBANK,1009.4,27-Feb-2025,1030.0,4.6,24.55
2025-02-19 13:15:17,AXISBANK,1009.4,27-Mar-2025,1030.0,20.7,0.0
2025-02-19 13:15:17,AXISBANK,1009.4,27-Feb-2025,1040.0,2.7,32.4
2025-02-19 13:15:17,AXISBANK,1009.4,27-Mar-2025,1040.0,15.8,0.0
2025-02-19 13:15:17,AXISBANK,1009.4,27-Feb-2025,1050.0,1.4,40.9
2025-02-19 13:15:17,AXISBANK,1009.4,27-Mar-2025,1050.0,12.75,50.0
2025-02-19 13:15:17,AXISBANK,1009.4,27-Feb-2025,1060.0,1.0,50.55
2025-02-19 13:15:17,AXISBANK,1009.4,27-Mar-2025,1060.0,10.5,0.0
2025-02-19 13:15:17,AXISBANK,1009.4,24-Apr-2025,1060.0,0.0,
2025-02-19 13:15:17,AXISBANK,1009.4,27-Feb-2025,1070.0,0.85,59.6
2025-02-19 13:15:17,AXISBANK,1009.4,27-Mar-2025,1070.0,7.85,61.0
2025-02-19 13:15:17,AXISBANK,1009.4,27-Feb-2025,1080.0,0.6,70.5
2025-02-19 13:15:17,AXISBANK,1009.4,27-Mar-2025,1080.0,6.05,75.0
2025-02-19 13:15:17,AXISBANK,1009.4,27-Feb-2025,1090.0,0.5,0.0
2025-02-19 13:15:17,AXISBANK,1009.4,27-Mar-2025,1090.0,4.7,0.0
2025-02-19 13:15:17,AXISBANK,1009.4,27-Feb-2025,1100.0,0.4,88.95
2025-02-19 13:15:17,AXISBANK,1009.4,27-Mar-2025,1100.0,4.0,85.5
2025-02-19 13:15:17,AXISBANK,1009.4,24-Apr-2025,1100.0,0.0,
2025-02-19 13:15:17,AXISBANK,1009.4,27-Feb-2025,1110.0,0.4,0.0
2025-02-19 13:15:17,AXISBANK,1009.4,27-Mar-2025,1110.0,3.85,0.0
2025-02-19 13:15:17,AXISBANK,1009.4,27-Feb-2025,1120.0,0.25,0.0
2025-02-19 13:15:17,AXISBANK,1009.4,27-Mar-2025,1120.0,0.0,0.0
2025-02-19 13:15:17,AXISBANK,1009.4,27-Feb-2025,1130.0,0.15,0.0
2025-02-19 13:15:17,AXISBANK,1009.4,27-Mar-2025,1130.0,0.0,0.0
2025-02-19 13:15:17,AXISBANK,1009.4,27-Feb-2025,1140.0,0.1,0.0
2025-02-19 13:15:17,AXISBANK,1009.4,27-Mar-2025,1140.0,0.0,0.0
2025-02-19 13:15:17,AXISBANK,1009.4,27-Feb-2025,1150.0,0.1,142.0
2025-02-19 13:15:17,AXISBANK,1009.4,27-Feb-2025,1160.0,0.1,0.0
2025-02-19 13:15:17,AXISBANK,1009.4,27-Mar-2025,1160.0,1.45,0.0
2025-02-19 13:15:17,AXISBANK,1009.4,24-Apr-2025,1160.0,0.0,
2025-02-19 13:15:17,AXISBANK,1009.4,27-Feb-2025,1170.0,0.1,
2025-02-19 13:15:17,AXISBANK,1009.4,27-Feb-2025,1180.0,0.25,0.0
2025-02-19 13:15:17,AXISBANK,1009.4,27-Mar-2025,1180.0,0.0,0.0
2025-02-19 13:15:17,AXISBANK,1009.4,27-Feb-2025,1200.0,0.05,191.45
2025-02-19 13:15:17,AXISBANK,1009.4,27-Mar-2025,1200.0,0.8,180.65
2025-02-19 13:15:17,AXISBANK,1009.4,24-Apr-2025,1200.0,0.0,
2025-02-19 13:15:17,AXISBANK,1009.4,27-Feb-2025,1220.0,0.0,
2025-02-19 13:15:17,AXISBANK,1009.4,27-Feb-2025,1240.0,0.0,0.0
2025-02-19 13:15:17,AXISBANK,1009.4,27-Feb-2025,1260.0,0.0,0.0
2025-02-19 13:15:17,AXISBANK,1009.4,27-Feb-2025,1280.0,,0.0
2025-02-19 13:15:17,AXISBANK,1009.4,27-Feb-2025,1300.0,0.15,300.0
2025-02-19 13:15:19,HDFCBANK,1725.05,27-Feb-2025,1360.0,,0.1
2025-02-19 13:15:19,HDFCBANK,1725.05,27-Feb-2025,1400.0,0.0,0.15
2025-02-19 13:15:19,HDFCBANK,1725.05,27-Mar-2025,1400.0,0.0,0.8
2025-02-19 13:15:19,HDFCBANK,1725.05,27-Feb-2025,1440.0,0.0,0.2
2025-02-19 13:15:19,HDFCBANK,1725.05,27-Mar-2025,1440.0,0.0,1.6
2025-02-19 13:15:19,HDFCBANK,1725.05,27-Feb-2025,1460.0,,0.2
2025-02-19 13:15:19,HDFCBANK,1725.05,27-Feb-2025,1480.0,0.0,0.15
2025-02-19 13:15:19,HDFCBANK,1725.05,27-Mar-2025,1480.0,0.0,1.85
2025-02-19 13:15:19,HDFCBANK,1725.05,24-Apr-2025,1480.0,,0.0
2025-02-19 13:15:19,HDFCBANK,1725.05,27-Feb-2025,1500.0,232.8,0.25
2025-02-19 13:15:19,HDFCBANK,1725.05,27-Mar-2025,1500.0,0.0,2.0
2025-02-19 13:15:19,HDFCBANK,1725.05,27-Feb-2025,1520.0,0.0,0.25
2025-02-19 13:15:19,HDFCBANK,1725.05,27-Mar-2025,1520.0,0.0,2.4
2025-02-19 13:15:19,HDFCBANK,1725.05,24-Apr-2025,1520.0,,0.0
2025-02-19 13:15:19,HDFCBANK,1725.05,27-Feb-2025,1540.0,0.0,0.25
2025-02-19 13:15:19,HDFCBANK,1725.05,27-Mar-2025,1540.0,0.0,2.8
2025-02-19 13:15:19,HDFCBANK,1725.05,27-Feb-2025,1560.0,0.0,0.45
2025-02-19 13:15:19,HDFCBANK,1725.05,27-Mar-2025,1560.0,0.0,4.1
2025-02-19 13:15:19,HDFCBANK,1725.05,24-Apr-2025,1560.0,,0.0
2025-02-19 13:15:19,HDFCBANK,1725.05,27-Feb-2025,1580.0,0.0,0.75
2025-02-19 13:15:19,HDFCBANK,1725.05,27-Mar-2025,1580.0,0.0,5.15
2025-02-19 13:15:19,HDFCBANK,1725.05,27-Feb-2025,1600.0,128.5,1.0
2025-02-19 13:15:19,HDFCBANK,1725.05,27-Mar-2025,1600.0,140.7,5.75
2025-02-19 13:15:19,HDFCBANK,1725.05,24-Apr-2025,1600.0,,10.2
2025-02-19 13:15:19,HDFCBANK,1725.05,27-Feb-2025,1620.0,106.9,1.25
2025-02-19 13:15:19,HDFCBANK,1725.05,27-Mar-2025,1620.0,122.4,7.2
2025-02-19 13:15:19,HDFCBANK,1725.05,27-Feb-2025,1640.0,88.4,1.8
2025-02-19 13:15:19,HDFCBANK,1725.05,27-Mar-2025,1640.0,113.0,9.05
2025-02-19 13:15:19,HDFCBANK,1725.05,24-Apr-2025,1640.0,,0.0
2025-02-19 13:15:19,HDFCBANK,1725.05,27-Feb-2025,1660.0,70.7,2.75
2025-02-19 13:15:19,HDFCBANK,1725.05,27-Mar-2025,1660.0,0.0,11.85
2025-02-19 13:15:19,HDFCBANK,1725.05,27-Feb-2025,1680.0,50.05,4.35
2025-02-19 13:15:19,HDFCBANK,1725.05,27-Mar-2025,1680.0,72.4,15.8
2025-02-19 13:15:19,HDFCBANK,1725.05,24-Apr-2025,1680.0,,24.55
2025-02-19 13:15:19,HDFCBANK,1725.05,27-Feb-2025,1700.0,33.35,7.55
2025-02-19 13:15:19,HDFCBANK,1725.05,27-Mar-2025,1700.0,56.8,21.1
2025-02-19 13:15:19,HDFCBANK,1725.05,27-Feb-2025,1720.0,19.35,13.65
2025-02-19 13:15:19,HDFCBANK,1725.05,27-Mar-2025,1720.0,44.2,28.0
2025-02-19 13:15:19,HDFCBANK,1725.05,24-Apr-2025,1720.0,0.0,36.0
2025-02-19 13:15:19,HDFCBANK,1725.05,27-Feb-2025,1740.0,9.55,23.7
2025-02-19 13:15:19,HDFCBANK,1725.05,27-Mar-2025,1740.0,33.6,37.25
2025-02-19 13:15:19,HDFCBANK,1725.05,27-Feb-2025,1760.0,3.95,38.05
2025-02-19 13:15:19,HDFCBANK,1725.05,27-Mar-2025,1760.0,24.6,47.95
2025-02-19 13:15:19,HDFCBANK,1725.05,24-Apr-2025,1760.0,0.0,
2025-02-19 13:15:19,HDFCBANK,1725.05,27-Feb-2025,1780.0,2.05,56.2
2025-02-19 13:15:19,HDFCBANK,1725.05,27-Mar-2025,1780.0,17.65,60.1
2025-02-19 13:15:19,HDFCBANK,1725.05,27-Feb-2025,1800.0,1.4,74.95
2025-02-19 13:15:19,HDFCBANK,1725.05,27-Mar-2025,1800.0,12.3,75.35
2025-02-19 13:15:19,HDFCBANK,1725.05,24-Apr-2025,1800.0,26.2,
2025-02-19 13:15:19,HDFCBANK,1725.05,27-Feb-2025,1820.0,0.9,93.8
2025-02-19 13:15:19,HDFCBANK,1725.05,27-Mar-2025,1820.0,8.55,91.4
2025-02-19 13:15:19,HDFCBANK,1725.05,27-Feb-2025,1840.0,0.65,117.0
2025-02-19 13:15:19,HDFCBANK,1725.05,27-Mar-2025,1840.0,5.85,105.05
2025-02-19 13:15:19,HDFCBANK,1725.05,24-Apr-2025,1840.0,0.0,
2025-02-19 13:15:19,HDFCBANK,1725.05,27-Feb-2025,1860.0,0.4,136.0
2025-02-19 13:15:19,HDFCBANK,1725.05,27-Mar-2025,1860.0,4.05,125.05
2025-02-19 13:15:19,HDFCBANK,1725.05,27-Feb-2025,1880.0,0.35,0.0
2025-02-19 13:15:19,HDFCBANK,1725.05,27-Mar-2025,1880.0,3.1,0.0
2025-02-19 13:15:19,HDFCBANK,1725.05,24-Apr-2025,1880.0,0.0,
2025-02-19 13:15:19,HDFCBANK,1725.05,27-Feb-2025,1900.0,0.4,173.75
2025-02-19 13:15:19,HDFCBANK,1725.05,27-Mar-2025,1900.0,2.2,162.75
2025-02-19 13:15:19,HDFCBANK,1725.05,27-Feb-2025,1920.0,0.25,0.0
2025-02-19 13:15:19,HDFCBANK,1725.05,27-Mar-2025,1920.0,1.85,0.0
2025-02-19 13:15:19,HDFCBANK,1725.05,27-Feb-2025,1940.0,0.25,207.9
2025-02-19 13:15:19,HDFCBANK,1725.05,27-Feb-2025,1960.0,0.3,0.0
2025-02-19 13:15:19,HDFCBANK,1725.05,27-Mar-2025,1960.0,1.8,202.05
2025-02-19 13:15:19,HDFCBANK,1725.05,27-Feb-2025,1980.0,0.35,0.0
2025-02-19 13:15:19,HDFCBANK,1725.05,27-Feb-2025,2000.0,0.3,270.0
2025-02-19 13:15:19,HDFCBANK,1725.05,27-Mar-2025,2000.0,1.05,245.9
2025-02-19 13:15:19,HDFCBANK,1725.05,24-Apr-2025,2000.0,3.45,
2025-02-19 13:15:19,HDFCBANK,1725.05,27-Feb-2025,2040.0,0.35,0.0
2025-02-19 13:15:19,HDFCBANK,1725.05,27-Mar-2025,2040.0,0.0,0.0
2025-02-19 13:15:19,HDFCBANK,1725.05,27-Feb-2025,2080.0,0.2,
2025-02-19 13:15:19,HDFCBANK,1725.05,27-Mar-2025,2080.0,0.0,
2025-02-19 13:15:22,LT,3268.95,27-Feb-2025,2600.0,0.0,0.0
2025-02-19 13:15:22,LT,3268.95,27-Mar-2025,2600.0,0.0,0.0
2025-02-19 13:15:22,LT,3268.95,27-Feb-2025,2700.0,0.0,0.0
2025-02-19 13:15:22,LT,3268.95,27-Mar-2025,2700.0,0.0,0.0
2025-02-19 13:15:22,LT,3268.95,27-Feb-2025,2800.0,0.0,0.45
2025-02-19 13:15:22,LT,3268.95,27-Mar-2025,2800.0,0.0,4.5
2025-02-19 13:15:22,LT,3268.95,27-Feb-2025,2850.0,0.0,0.0
2025-02-19 13:15:22,LT,3268.95,27-Mar-2025,2850.0,0.0,0.0
2025-02-19 13:15:22,LT,3268.95,27-Feb-2025,2900.0,0.0,0.6
2025-02-19 13:15:22,LT,3268.95,27-Mar-2025,2900.0,0.0,7.0
2025-02-19 13:15:22,LT,3268.95,24-Apr-2025,2900.0,,0.0
2025-02-19 13:15:22,LT,3268.95,27-Feb-2025,2950.0,305.0,0.95
2025-02-19 13:15:22,LT,3268.95,27-Mar-2025,2950.0,0.0,12.15
2025-02-19 13:15:22,LT,3268.95,27-Feb-2025,3000.0,283.0,1.65
2025-02-19 13:15:22,LT,3268.95,27-Mar-2025,3000.0,305.05,12.5
2025-02-19 13:15:22,LT,3268.95,24-Apr-2025,3000.0,,0.0
2025-02-19 13:15:22,LT,3268.95,27-Feb-2025,3050.0,248.65,2.9
2025-02-19 13:15:22,LT,3268.95,27-Mar-2025,3050.0,0.0,17.1
2025-02-19 13:15:22,LT,3268.95,27-Feb-2025,3100.0,181.7,5.0
2025-02-19 13:15:22,LT,3268.95,27-Mar-2025,3100.0,217.0,24.45
2025-02-19 13:15:22,LT,3268.95,24-Apr-2025,3100.0,,0.0
2025-02-19 13:15:22,LT,3268.95,27-Feb-2025,3150.0,131.75,8.65
2025-02-19 13:15:22,LT,3268.95,27-Mar-2025,3150.0,0.0,33.25
2025-02-19 13:15:22,LT,3268.95,27-Feb-2025,3200.0,89.0,16.25
2025-02-19 13:15:22,LT,3268.95,27-Mar-2025,3200.0,140.0,46.05
2025-02-19 13:15:22,LT,3268.95,24-Apr-2025,3200.0,0.0,0.0
2025-02-19 13:15:22,LT,3268.95,27-Feb-2025,3250.0,53.6,30.05
2025-02-19 13:15:22,LT,3268.95,27-Mar-2025,3250.0,107.35,62.4
2025-02-19 13:15:22,LT,3268.95,27-Feb-2025,3300.0,27.5,53.7
2025-02-19 13:15:22,LT,3268.95,27-Mar-2025,3300.0,81.85,86.75
2025-02-19 13:15:22,LT,3268.95,24-Apr-2025,3300.0,0.0,0.0
2025-02-19 13:15:22,LT,3268.95,27-Feb-2025,3350.0,13.1,88.5
2025-02-19 13:15:22,LT,3268.95,27-Mar-2025,3350.0,59.05,127.85
2025-02-19 13:15:22,LT,3268.95,27-Feb-2025,3400.0,7.1,132.2
2025-02-19 13:15:22,LT,3268.95,27-Mar-2025,3400.0,43.0,147.0
2025-02-19 13:15:22,LT,3268.95,24-Apr-2025,3400.0,0.0,
2025-02-19 13:15:22,LT,3268.95,27-Feb-2025,3450.0,4.2,179.6
2025-02-19 13:15:22,LT,3268.95,27-Mar-2025,3450.0,30.3,178.0
2025-02-19 13:15:22,LT,3268.95,27-Feb-2025,3500.0,2.75,225.95
2025-02-19 13:15:22,LT,3268.95,27-Mar-2025,3500.0,21.5,222.0
2025-02-19 13:15:22,LT,3268.95,24-Apr-2025,3500.0,0.0,
2025-02-19 13:15:22,LT,3268.95,27-Feb-2025,3550.0,2.15,273.25
2025-02-19 13:15:22,LT,3268.95,27-Mar-2025,3550.0,14.85,0.0
2025-02-19 13:15:22,LT,3268.95,27-Feb-2025,3600.0,1.7,323.65
2025-02-19 13:15:22,LT,3268.95,27-Mar-2025,3600.0,11.6,308.35
2025-02-19 13:15:22,LT,3268.95,24-Apr-2025,3600.0,0.0,
2025-02-19 13:15:22,LT,3268.95,27-Feb-2025,3650.0,1.4,383.9
2025-02-19 13:15:22,LT,3268.95,27-Mar-2025,3650.0,9.0,0.0
2025-02-19 13:15:22,LT,3268.95,27-Feb-2025,3700.0,1.15,422.35
2025-02-19 13:15:22,LT,3268.95,27-Mar-2025,3700.0,6.5,400.6
2025-02-19 13:15:22,LT,3268.95,27-Feb-2025,3750.0,1.0,507.95
2025-02-19 13:15:22,LT,3268.95,27-Mar-2025,3750.0,0.0,0.0
2025-02-19 13:15:22,LT,3268.95,27-Feb-2025,3800.0,0.85,516.6
2025-02-19 13:15:22,LT,3268.95,27-Mar-2025,3800.0,5.3,0.0
2025-02-19 13:15:22,LT,3268.95,24-Apr-2025,3800.0,0.0,
2025-02-19 13:15:22,LT,3268.95,27-Feb-2025,3850.0,0.7,0.0
2025-02-19 13:15:22,LT,3268.95,27-Mar-2025,3850.0,0.0,0.0
2025-02-19 13:15:22,LT,3268.95,27-Feb-2025,3900.0,0.7,648.45
2025-02-19 13:15:22,LT,3268.95,27-Mar-2025,3900.0,0.0,0.0
2025-02-19 13:15:22,LT,3268.95,27-Feb-2025,3950.0,0.7,0.0
2025-02-19 13:15:22,LT,3268.95,27-Mar-2025,3950.0,0.0,0.0
2025-02-19 13:15:22,LT,3268.95,27-Feb-2025,4000.0,0.6,720.0
2025-02-19 13:15:22,LT,3268.95,27-Mar-2025,4000.0,2.55,673.2
2025-02-19 13:15:22,LT,3268.95,24-Apr-2025,4000.0,9.0,
2025-02-19 13:15:22,LT,3268.95,27-Feb-2025,4050.0,0.4,
2025-02-19 13:15:22,LT,3268.95,27-Feb-2025,4100.0,0.5,830.0
2025-02-19 13:15:22,LT,3268.95,27-Mar-2025,4100.0,2.95,0.0
2025-02-19 13:15:22,LT,3268.95,27-Feb-2025,4200.0,0.1,0.0
2025-02-19 13:15:22,LT,3268.95,27-Mar-2025,4200.0,1.95,0.0
2025-02-19 13:15:22,LT,3268.95,24-Apr-2025,4200.0,0.0,
2025-02-19 13:15:22,LT,3268.95,27-Feb-2025,4300.0,0.1,1072.8
2025-02-19 13:15:24,ITC,406.2,27-Feb-2025,340.0,0.0,0.0
2025-02-19 13:15:24,ITC,406.2,27-Mar-2025,340.0,0.0,0.0
2025-02-19 13:15:24,ITC,406.2,27-Feb-2025,350.0,0.0,0.05
2025-02-19 13:15:24,ITC,406.2,27-Mar-2025,350.0,0.0,0.0
2025-02-19 13:15:24,ITC,406.2,27-Feb-2025,360.0,0.0,0.05
2025-02-19 13:15:24,ITC,406.2,27-Mar-2025,360.0,0.0,0.0
2025-02-19 13:15:24,ITC,406.2,24-Apr-2025,360.0,,0.0
2025-02-19 13:15:24,ITC,406.2,27-Feb-2025,365.0,0.0,0.0
2025-02-19 13:15:24,ITC,406.2,27-Mar-2025,365.0,0.0,0.0
2025-02-19 13:15:24,ITC,406.2,27-Feb-2025,370.0,0.0,0.05
2025-02-19 13:15:24,ITC,406.2,27-Mar-2025,370.0,0.0,1.1
2025-02-19 13:15:24,ITC,406.2,24-Apr-2025,370.0,,0.0
2025-02-19 13:15:24,ITC,406.2,27-Feb-2025,375.0,0.0,0.1
2025-02-19 13:15:24,ITC,406.2,27-Mar-2025,375.0,0.0,1.4
2025-02-19 13:15:24,ITC,406.2,27-Feb-2025,380.0,26.35,0.2
2025-02-19 13:15:24,ITC,406.2,27-Mar-2025,380.0,30.35,2.0
2025-02-19 13:15:24,ITC,406.2,24-Apr-2025,380.0,,0.0
2025-02-19 13:15:24,ITC,406.2,27-Feb-2025,385.0,22.05,0.35
2025-02-19 13:15:24,ITC,406.2,27-Mar-2025,385.0,0.0,2.65
2025-02-19 13:15:24,ITC,406.2,27-Feb-2025,390.0,16.9,0.6
2025-02-19 13:15:24,ITC,406.2,27-Mar-2025,390.0,23.45,3.5
2025-02-19 13:15:24,ITC,406.2,24-Apr-2025,390.0,,0.0
2025-02-19 13:15:24,ITC,406.2,27-Feb-2025,395.0,12.15,1.1
2025-02-19 13:15:24,ITC,406.2,27-Mar-2025,395.0,0.0,4.8
2025-02-19 13:15:24,ITC,406.2,27-Feb-2025,400.0,8.15,2.05
2025-02-19 13:15:24,ITC,406.2,27-Mar-2025,400.0,14.8,6.3
2025-02-19 13:15:24,ITC,406.2,24-Apr-2025,400.0,,0.0
2025-02-19 13:15:24,ITC,406.2,27-Feb-2025,405.0,4.85,3.85
2025-02-19 13:15:24,ITC,406.2,27-Mar-2025,405.0,11.75,8.3
2025-02-19 13:15:24,ITC,406.2,27-Feb-2025,410.0,2.7,6.55
2025-02-19 13:15:24,ITC,406.2,27-Mar-2025,410.0,9.25,10.75
2025-02-19 13:15:24,ITC,406.2,24-Apr-2025,410.0,0.0,0.0
2025-02-19 13:15:24,ITC,406.2,27-Feb-2025,415.0,1.5,10.4
2025-02-19 13:15:24,ITC,406.2,27-Mar-2025,415.0,7.25,13.5
2025-02-19 13:15:24,ITC,406.2,27-Feb-2025,420.0,0.85,14.6
2025-02-19 13:15:24,ITC,406.2,27-Mar-2025,420.0,5.5,16.45
2025-02-19 13:15:24,ITC,406.2,24-Apr-2025,420.0,0.0,0.0
2025-02-19 13:15:24,ITC,406.2,27-Feb-2025,425.0,0.5,19.5
2025-02-19 13:15:24,ITC,406.2,27-Mar-2025,425.0,4.25,19.25
2025-02-19 13:15:24,ITC,406.2,27-Feb-2025,430.0,0.35,23.6
2025-02-19 13:15:24,ITC,406.2,27-Mar-2025,430.0,3.3,24.3
2025-02-19 13:15:24,ITC,406.2,24-Apr-2025,430.0,0.0,0.0
2025-02-19 13:15:24,ITC,406.2,27-Feb-2025,435.0,0.3,28.75
2025-02-19 13:15:24,ITC,406.2,27-Mar-2025,435.0,2.55,0.0
2025-02-19 13:15:24,ITC,406.2,27-Feb-2025,440.0,0.15,32.9
2025-02-19 13:15:24,ITC,406.2,27-Mar-2025,440.0,2.05,31.8
2025-02-19 13:15:24,ITC,406.2,24-Apr-2025,440.0,0.0,0.0
2025-02-19 13:15:24,ITC,406.2,27-Feb-2025,445.0,0.15,38.3
2025-02-19 13:15:24,ITC,406.2,27-Mar-2025,445.0,1.65,0.0
2025-02-19 13:15:24,ITC,406.2,27-Feb-2025,450.0,0.15,43.7
2025-02-19 13:15:24,ITC,406.2,27-Mar-2025,450.0,1.4,41.3
2025-02-19 13:15:24,ITC,406.2,24-Apr-2025,450.0,0.0,
2025-02-19 13:15:24,ITC,406.2,27-Feb-2025,455.0,0.1,47.6
2025-02-19 13:15:24,ITC,406.2,27-Mar-2025,455.0,0.0,0.0
2025-02-19 13:15:24,ITC,406.2,27-Feb-2025,460.0,0.1,53.45
2025-02-19 13:15:24,ITC,406.2,27-Mar-2025,460.0,0.95,0.0
2025-02-19 13:15:24,ITC,406.2,24-Apr-2025,460.0,0.0,
2025-02-19 13:15:24,ITC,406.2,27-Feb-2025,465.0,0.05,58.0
2025-02-19 13:15:24,ITC,406.2,27-Mar-2025,465.0,0.0,0.0
2025-02-19 13:15:24,ITC,406.2,27-Feb-2025,470.0,0.05,63.7
2025-02-19 13:15:24,ITC,406.2,27-Mar-2025,470.0,0.7,0.0
2025-02-19 13:15:24,ITC,406.2,24-Apr-2025,470.0,0.0,
2025-02-19 13:15:24,ITC,406.2,27-Feb-2025,475.0,0.05,0.0
2025-02-19 13:15:24,ITC,406.2,27-Mar-2025,475.0,0.95,0.0
2025-02-19 13:15:24,ITC,406.2,27-Feb-2025,480.0,0.1,0.0
2025-02-19 13:15:24,ITC,406.2,27-Mar-2025,480.0,0.5,0.0
2025-02-19 13:15:24,ITC,406.2,24-Apr-2025,480.0,1.1,
2025-02-19 13:15:24,ITC,406.2,27-Feb-2025,485.0,0.1,0.0
2025-02-19 13:15:24,ITC,406.2,27-Mar-2025,485.0,0.0,0.0
2025-02-19 13:15:24,ITC,406.2,27-Feb-2025,490.0,0.05,0.0
2025-02-19 13:15:24,ITC,406.2,27-Mar-2025,490.0,0.0,0.0
2025-02-19 13:15:24,ITC,406.2,24-Apr-2025,490.0,0.0,
2025-02-19 13:15:24,ITC,406.2,27-Feb-2025,495.0,0.05,0.0
2025-02-19 13:15:24,ITC,406.2,27-Mar-2025,495.0,0.0,0.0
2025-02-19 13:15:24,ITC,406.2,27-Feb-2025,500.0,0.05,92.85
2025-02-19 13:15:24,ITC,406.2,27-Mar-2025,500.0,0.35,89.7
2025-02-19 13:15:24,ITC,406.2,24-Apr-2025,500.0,1.15,
2025-02-19 13:15:24,ITC,406.2,27-Feb-2025,505.0,0.1,0.0
2025-02-19 13:15:24,ITC,406.2,27-Mar-2025,505.0,0.0,0.0
2025-02-19 13:15:24,ITC,406.2,27-Feb-2025,510.0,0.05,0.0
2025-02-19 13:15:24,ITC,406.2,27-Mar-2025,510.0,0.0,0.0
2025-02-19 13:15:24,ITC,406.2,27-Feb-2025,515.0,0.05,0.0
2025-02-19 13:15:24,ITC,406.2,27-Mar-2025,515.0,,0.0
2025-02-19 13:15:24,ITC,406.2,27-Feb-2025,520.0,0.05,0.0
2025-02-19 13:15:24,ITC,406.2,27-Mar-2025,520.0,0.0,0.0
2025-02-19 13:15:24,ITC,406.2,27-Feb-2025,525.0,0.05,0.0
2025-02-19 13:15:24,ITC,406.2,27-Mar-2025,525.0,,0.0
2025-02-19 13:15:24,ITC,406.2,27-Feb-2025,530.0,0.0,0.0
2025-02-19 13:15:24,ITC,406.2,27-Mar-2025,530.0,0.0,0.0
2025-02-19 13:15:24,ITC,406.2,27-Feb-2025,535.0,0.05,0.0
2025-02-19 13:15:24,ITC,406.2,27-Mar-2025,535.0,0.0,
2025-02-19 13:15:24,ITC,406.2,27-Mar-2025,540.0,0.15,
2025-02-19 13:15:27,BAJFINANCE,8430.0,27-Feb-2025,6000.0,0.0,0.5
2025-02-19 13:15:27,BAJFINANCE,8430.0,27-Mar-2025,6000.0,,7.0
2025-02-19 13:15:27,BAJFINANCE,8430.0,27-Feb-2025,6100.0,,1.2
2025-02-19 13:15:27,BAJFINANCE,8430.0,27-Feb-2025,6400.0,,0.85
2025-02-19 13:15:27,BAJFINANCE,8430.0,27-Feb-2025,6500.0,1940.0,1.1
2025-02-19 13:15:27,BAJFINANCE,8430.0,27-Feb-2025,6600.0,0.0,1.5
2025-02-19 13:15:27,BAJFINANCE,8430.0,27-Feb-2025,6700.0,0.0,1.6
2025-02-19 13:15:27,BAJFINANCE,8430.0,27-Feb-2025,6800.0,0.0,2.1
2025-02-19 13:15:27,BAJFINANCE,8430.0,27-Mar-2025,6800.0,0.0,0.0
2025-02-19 13:15:27,BAJFINANCE,8430.0,27-Feb-2025,6900.0,1570.0,2.4
2025-02-19 13:15:27,BAJFINANCE,8430.0,27-Feb-2025,7000.0,1425.0,2.55
2025-02-19 13:15:27,BAJFINANCE,8430.0,27-Mar-2025,7000.0,0.0,10.1
2025-02-19 13:15:27,BAJFINANCE,8430.0,24-Apr-2025,7000.0,,25.0
2025-02-19 13:15:27,BAJFINANCE,8430.0,27-Feb-2025,7100.0,1385.0,2.9
2025-02-19 13:15:27,BAJFINANCE,8430.0,27-Feb-2025,7200.0,1225.0,2.7
2025-02-19 13:15:27,BAJFINANCE,8430.0,27-Mar-2025,7200.0,0.0,13.25
2025-02-19 13:15:27,BAJFINANCE,8430.0,24-Apr-2025,7200.0,,0.0
2025-02-19 13:15:27,BAJFINANCE,8430.0,27-Feb-2025,7300.0,1200.0,3.15
2025-02-19 13:15:27,BAJFINANCE,8430.0,27-Mar-2025,7300.0,0.0,0.0
2025-02-19 13:15:27,BAJFINANCE,8430.0,27-Feb-2025,7400.0,1016.0,2.65
2025-02-19 13:15:27,BAJFINANCE,8430.0,27-Mar-2025,7400.0,0.0,20.15
2025-02-19 13:15:27,BAJFINANCE,8430.0,24-Apr-2025,7400.0,,0.0
2025-02-19 13:15:27,BAJFINANCE,8430.0,27-Feb-2025,7500.0,933.35,3.85
2025-02-19 13:15:27,BAJFINANCE,8430.0,27-Mar-2025,7500.0,1030.0,24.85
2025-02-19 13:15:27,BAJFINANCE,8430.0,27-Feb-2025,7600.0,890.0,4.95
2025-02-19 13:15:27,BAJFINANCE,8430.0,27-Mar-2025,7600.0,940.0,32.0
2025-02-19 13:15:27,BAJFINANCE,8430.0,24-Apr-2025,7600.0,,0.0
2025-02-19 13:15:27,BAJFINANCE,8430.0,27-Feb-2025,7700.0,700.0,7.7
2025-02-19 13:15:27,BAJFINANCE,8430.0,27-Mar-2025,7700.0,840.0,40.0
2025-02-19 13:15:27,BAJFINANCE,8430.0,27-Feb-2025,7800.0,635.0,11.2
2025-02-19 13:15:27,BAJFINANCE,8430.0,27-Mar-2025,7800.0,704.95,49.95
2025-02-19 13:15:27,BAJFINANCE,8430.0,24-Apr-2025,7800.0,,0.0
2025-02-19 13:15:27,BAJFINANCE,8430.0,27-Feb-2025,7900.0,544.0,16.2
2025-02-19 13:15:27,BAJFINANCE,8430.0,27-Mar-2025,7900.0,0.0,65.15
2025-02-19 13:15:27,BAJFINANCE,8430.0,27-Feb-2025,8000.0,444.5,22.95
2025-02-19 13:15:27,BAJFINANCE,8430.0,27-Mar-2025,8000.0,556.1,83.05
2025-02-19 13:15:27,BAJFINANCE,8430.0,24-Apr-2025,8000.0,,0.0
2025-02-19 13:15:27,BAJFINANCE,8430.0,27-Feb-2025,8100.0,364.15,33.3
2025-02-19 13:15:27,BAJFINANCE,8430.0,27-Mar-2025,8100.0,508.35,105.0
2025-02-19 13:15:27,BAJFINANCE,8430.0,27-Feb-2025,8200.0,270.0,48.75
2025-02-19 13:15:27,BAJFINANCE,8430.0,27-Mar-2025,8200.0,426.3,129.85
2025-02-19 13:15:27,BAJFINANCE,8430.0,24-Apr-2025,8200.0,,0.0
2025-02-19 13:15:27,BAJFINANCE,8430.0,27-Feb-2025,8300.0,193.15,72.0
2025-02-19 13:15:27,BAJFINANCE,8430.0,27-Mar-2025,8300.0,340.2,162.95
2025-02-19 13:15:27,BAJFINANCE,8430.0,27-Feb-2025,8400.0,132.05,108.45
2025-02-19 13:15:27,BAJFINANCE,8430.0,27-Mar-2025,8400.0,280.45,203.15
2025-02-19 13:15:27,BAJFINANCE,8430.0,24-Apr-2025,8400.0,0.0,0.0
2025-02-19 13:15:27,BAJFINANCE,8430.0,27-Feb-2025,8500.0,85.9,163.35
2025-02-19 13:15:27,BAJFINANCE,8430.0,27-Mar-2025,8500.0,233.0,251.3
2025-02-19 13:15:27,BAJFINANCE,8430.0,27-Feb-2025,8600.0,54.55,231.55
2025-02-19 13:15:27,BAJFINANCE,8430.0,27-Mar-2025,8600.0,184.55,311.4
2025-02-19 13:15:27,BAJFINANCE,8430.0,24-Apr-2025,8600.0,293.65,
2025-02-19 13:15:27,BAJFINANCE,8430.0,27-Feb-2025,8700.0,34.4,309.6
2025-02-19 13:15:27,BAJFINANCE,8430.0,27-Mar-2025,8700.0,149.3,0.0
2025-02-19 13:15:27,BAJFINANCE,8430.0,27-Feb-2025,8800.0,23.4,403.2
2025-02-19 13:15:27,BAJFINANCE,8430.0,27-Mar-2025,8800.0,118.85,439.0
2025-02-19 13:15:27,BAJFINANCE,8430.0,24-Apr-2025,8800.0,0.0,
2025-02-19 13:15:27,BAJFINANCE,8430.0,27-Feb-2025,8900.0,15.05,489.85
2025-02-19 13:15:27,BAJFINANCE,8430.0,27-Mar-2025,8900.0,92.6,0.0
2025-02-19 13:15:27,BAJFINANCE,8430.0,27-Feb-2025,9000.0,10.45,586.95
2025-02-19 13:15:27,BAJFINANCE,8430.0,27-Mar-2025,9000.0,75.7,591.45
2025-02-19 13:15:27,BAJFINANCE,8430.0,24-Apr-2025,9000.0,147.4,
2025-02-19 13:15:27,BAJFINANCE,8430.0,27-Feb-2025,9100.0,6.85,0.0
2025-02-19 13:15:27,BAJFINANCE,8430.0,27-Mar-2025,9100.0,59.05,0.0
2025-02-19 13:15:27,BAJFINANCE,8430.0,27-Feb-2025,9200.0,5.05,0.0
2025-02-19 13:15:27,BAJFINANCE,8430.0,27-Mar-2025,9200.0,47.65,0.0
2025-02-19 13:15:27,BAJFINANCE,8430.0,24-Apr-2025,9200.0,0.0,
2025-02-19 13:15:27,BAJFINANCE,8430.0,27-Feb-2025,9300.0,3.7,0.0
2025-02-19 13:15:27,BAJFINANCE,8430.0,27-Mar-2025,9300.0,38.2,0.0
2025-02-19 13:15:27,BAJFINANCE,8430.0,27-Feb-2025,9400.0,3.05,0.0
2025-02-19 13:15:27,BAJFINANCE,8430.0,27-Mar-2025,9400.0,29.35,0.0
2025-02-19 13:15:27,BAJFINANCE,8430.0,24-Apr-2025,9400.0,0.0,
2025-02-19 13:15:27,BAJFINANCE,8430.0,27-Feb-2025,9500.0,2.75,0.0
2025-02-19 13:15:27,BAJFINANCE,8430.0,27-Mar-2025,9500.0,22.2,995.0
2025-02-19 13:15:27,BAJFINANCE,8430.0,27-Feb-2025,9600.0,2.7,0.0
2025-02-19 13:15:27,BAJFINANCE,8430.0,27-Mar-2025,9600.0,16.35,0.0
2025-02-19 13:15:27,BAJFINANCE,8430.0,24-Apr-2025,9600.0,0.0,
2025-02-19 13:15:29,TATAMOTORS,681.0,27-Feb-2025,560.0,120.0,0.1
2025-02-19 13:15:29,TATAMOTORS,681.0,27-Mar-2025,560.0,0.0,1.85
2025-02-19 13:15:29,TATAMOTORS,681.0,24-Apr-2025,560.0,,0.0
2025-02-19 13:15:29,TATAMOTORS,681.0,27-Feb-2025,580.0,100.0,0.2
2025-02-19 13:15:29,TATAMOTORS,681.0,27-Mar-2025,580.0,0.0,3.0
2025-02-19 13:15:29,TATAMOTORS,681.0,27-Feb-2025,600.0,82.25,0.4
2025-02-19 13:15:29,TATAMOTORS,681.0,27-Mar-2025,600.0,90.0,4.75
2025-02-19 13:15:29,TATAMOTORS,681.0,24-Apr-2025,600.0,,0.0
2025-02-19 13:15:29,TATAMOTORS,681.0,27-Feb-2025,610.0,0.0,0.5
2025-02-19 13:15:29,TATAMOTORS,681.0,27-Mar-2025,610.0,0.0,5.8
2025-02-19 13:15:29,TATAMOTORS,681.0,27-Feb-2025,620.0,63.75,0.75
2025-02-19 13:15:29,TATAMOTORS,681.0,27-Mar-2025,620.0,71.5,7.2
2025-02-19 13:15:29,TATAMOTORS,681.0,24-Apr-2025,620.0,,0.0
2025-02-19 13:15:29,TATAMOTORS,681.0,27-Feb-2025,630.0,53.1,1.15
2025-02-19 13:15:29,TATAMOTORS,681.0,27-Mar-2025,630.0,68.5,8.85
2025-02-19 13:15:29,TATAMOTORS,681.0,27-Feb-2025,640.0,44.05,1.85
2025-02-19 13:15:29,TATAMOTORS,681.0,27-Mar-2025,640.0,57.8,10.9
2025-02-19 13:15:29,TATAMOTORS,681.0,24-Apr-2025,640.0,,0.0
2025-02-19 13:15:29,TATAMOTORS,681.0,27-Feb-2025,650.0,35.1,2.9
2025-02-19 13:15:29,TATAMOTORS,681.0,27-Mar-2025,650.0,49.15,13.6
2025-02-19 13:15:29,TATAMOTORS,681.0,27-Feb-2025,660.0,26.95,4.65
2025-02-19 13:15:29,TATAMOTORS,681.0,27-Mar-2025,660.0,42.35,16.4
2025-02-19 13:15:29,TATAMOTORS,681.0,24-Apr-2025,660.0,,0.0
2025-02-19 13:15:29,TATAMOTORS,681.0,27-Feb-2025,670.0,19.6,7.3
2025-02-19 13:15:29,TATAMOTORS,681.0,27-Mar-2025,670.0,35.95,19.85
2025-02-19 13:15:29,TATAMOTORS,681.0,27-Feb-2025,680.0,13.35,11.1
2025-02-19 13:15:29,TATAMOTORS,681.0,27-Mar-2025,680.0,30.2,23.85
2025-02-19 13:15:29,TATAMOTORS,681.0,24-Apr-2025,680.0,0.0,0.0
2025-02-19 13:15:29,TATAMOTORS,681.0,27-Feb-2025,690.0,8.85,16.4
2025-02-19 13:15:29,TATAMOTORS,681.0,27-Mar-2025,690.0,25.0,28.7
2025-02-19 13:15:29,TATAMOTORS,681.0,27-Feb-2025,700.0,5.65,23.1
2025-02-19 13:15:29,TATAMOTORS,681.0,27-Mar-2025,700.0,20.45,33.85
2025-02-19 13:15:29,TATAMOTORS,681.0,24-Apr-2025,700.0,31.8,0.0
2025-02-19 13:15:29,TATAMOTORS,681.0,27-Feb-2025,710.0,3.7,31.25
2025-02-19 13:15:29,TATAMOTORS,681.0,27-Mar-2025,710.0,16.55,40.35
2025-02-19 13:15:29,TATAMOTORS,681.0,27-Feb-2025,720.0,2.45,40.1
2025-02-19 13:15:29,TATAMOTORS,681.0,27-Mar-2025,720.0,13.45,46.8
2025-02-19 13:15:29,TATAMOTORS,681.0,24-Apr-2025,720.0,24.0,0.0
2025-02-19 13:15:29,TATAMOTORS,681.0,27-Feb-2025,730.0,1.6,49.4
2025-02-19 13:15:29,TATAMOTORS,681.0,27-Mar-2025,730.0,10.75,0.0
2025-02-19 13:15:29,TATAMOTORS,681.0,27-Feb-2025,740.0,1.15,58.3
2025-02-19 13:15:29,TATAMOTORS,681.0,27-Mar-2025,740.0,8.6,63.9
2025-02-19 13:15:29,TATAMOTORS,681.0,24-Apr-2025,740.0,0.0,
2025-02-19 13:15:29,TATAMOTORS,681.0,27-Feb-2025,750.0,0.85,68.5
2025-02-19 13:15:29,TATAMOTORS,681.0,27-Mar-2025,750.0,7.0,69.8
2025-02-19 13:15:29,TATAMOTORS,681.0,27-Feb-2025,760.0,0.6,78.0
2025-02-19 13:15:29,TATAMOTORS,681.0,27-Mar-2025,760.0,5.8,0.0
2025-02-19 13:15:29,TATAMOTORS,681.0,24-Apr-2025,760.0,0.0,
2025-02-19 13:15:29,TATAMOTORS,681.0,27-Feb-2025,770.0,0.5,82.0
2025-02-19 13:15:29,TATAMOTORS,681.0,27-Mar-2025,770.0,4.7,82.0
2025-02-19 13:15:29,TATAMOTORS,681.0,27-Feb-2025,780.0,0.4,98.5
2025-02-19 13:15:29,TATAMOTORS,681.0,27-Mar-2025,780.0,3.8,96.5
2025-02-19 13:15:29,TATAMOTORS,681.0,24-Apr-2025,780.0,0.0,
2025-02-19 13:15:29,TATAMOTORS,681.0,27-Feb-2025,790.0,0.4,108.0
2025-02-19 13:15:29,TATAMOTORS,681.0,27-Mar-2025,790.0,3.15,0.0
2025-02-19 13:15:29,TATAMOTORS,681.0,27-Feb-2025,800.0,0.3,118.0
2025-02-19 13:15:29,TATAMOTORS,681.0,27-Mar-2025,800.0,2.8,115.15
2025-02-19 13:15:29,TATAMOTORS,681.0,24-Apr-2025,800.0,7.5,0.0
2025-02-19 13:15:29,TATAMOTORS,681.0,27-Feb-2025,810.0,0.2,0.0
2025-02-19 13:15:29,TATAMOTORS,681.0,27-Feb-2025,820.0,0.2,136.0
2025-02-19 13:15:29,TATAMOTORS,681.0,27-Mar-2025,820.0,1.85,0.0
2025-02-19 13:15:29,TATAMOTORS,681.0,27-Feb-2025,830.0,0.15,0.0
2025-02-19 13:15:29,TATAMOTORS,681.0,27-Feb-2025,840.0,0.2,157.95
2025-02-19 13:15:29,TATAMOTORS,681.0,27-Mar-2025,840.0,1.3,152.0
2025-02-19 13:15:29,TATAMOTORS,681.0,24-Apr-2025,840.0,0.0,
2025-02-19 13:15:29,TATAMOTORS,681.0,27-Feb-2025,850.0,0.1,167.0
2025-02-19 13:15:29,TATAMOTORS,681.0,27-Feb-2025,860.0,0.15,178.0
2025-02-19 13:15:29,TATAMOTORS,681.0,27-Feb-2025,870.0,0.15,0.0
2025-02-19 13:15:29,TATAMOTORS,681.0,27-Feb-2025,880.0,0.1,193.0
2025-02-19 13:15:29,TATAMOTORS,681.0,27-Mar-2025,880.0,0.8,186.5
2025-02-19 13:15:29,TATAMOTORS,681.0,27-Feb-2025,900.0,0.1,219.4
2025-02-19 13:15:29,TATAMOTORS,681.0,27-Feb-2025,920.0,0.2,232.5
2025-02-19 13:15:29,TATAMOTORS,681.0,27-Mar-2025,920.0,0.5,230.0
2025-02-19 13:15:29,TATAMOTORS,681.0,27-Feb-2025,960.0,0.1,277.25
2025-02-19 13:15:31,MARUTI,12681.2,27-Feb-2025,9600.0,,0.5
2025-02-19 13:15:31,MARUTI,12681.2,27-Feb-2025,9800.0,,0.0
2025-02-19 13:15:31,MARUTI,12681.2,27-Feb-2025,9900.0,,0.7
2025-02-19 13:15:31,MARUTI,12681.2,27-Feb-2025,10000.0,,0.65
2025-02-19 13:15:31,MARUTI,12681.2,27-Feb-2025,10500.0,,1.0
2025-02-19 13:15:31,MARUTI,12681.2,27-Feb-2025,10700.0,,2.7
2025-02-19 13:15:31,MARUTI,12681.2,27-Feb-2025,10800.0,0.0,0.0
2025-02-19 13:15:31,MARUTI,12681.2,27-Mar-2025,10800.0,0.0,0.0
2025-02-19 13:15:31,MARUTI,12681.2,27-Feb-2025,11000.0,0.0,3.1
2025-02-19 13:15:31,MARUTI,12681.2,27-Mar-2025,11000.0,0.0,19.0
2025-02-19 13:15:31,MARUTI,12681.2,27-Feb-2025,11100.0,,3.95
2025-02-19 13:15:31,MARUTI,12681.2,27-Feb-2025,11200.0,0.0,5.15
2025-02-19 13:15:31,MARUTI,12681.2,27-Mar-2025,11200.0,0.0,0.0
2025-02-19 13:15:31,MARUTI,12681.2,27-Feb-2025,11300.0,0.0,4.15
2025-02-19 13:15:31,MARUTI,12681.2,27-Mar-2025,11300.0,0.0,0.0
2025-02-19 13:15:31,MARUTI,12681.2,27-Feb-2025,11400.0,0.0,5.1
2025-02-19 13:15:31,MARUTI,12681.2,27-Mar-2025,11400.0,0.0,0.0
2025-02-19 13:15:31,MARUTI,12681.2,27-Feb-2025,11500.0,1217.45,5.65
2025-02-19 13:15:31,MARUTI,12681.2,27-Mar-2025,11500.0,0.0,39.45
2025-02-19 13:15:31,MARUTI,12681.2,27-Feb-2025,11600.0,0.0,6.7
2025-02-19 13:15:31,MARUTI,12681.2,27-Mar-2025,11600.0,0.0,0.0
2025-02-19 13:15:31,MARUTI,12681.2,27-Feb-2025,11700.0,0.0,7.65
2025-02-19 13:15:31,MARUTI,12681.2,27-Mar-2025,11700.0,0.0,
2025-02-19 13:15:31,MARUTI,12681.2,27-Feb-2025,11800.0,0.0,8.6
2025-02-19 13:15:31,MARUTI,12681.2,27-Mar-2025,11800.0,0.0,0.0
2025-02-19 13:15:31,MARUTI,12681.2,27-Feb-2025,11900.0,812.6,9.95
2025-02-19 13:15:31,MARUTI,12681.2,27-Mar-2025,11900.0,0.0,0.0
2025-02-19 13:15:31,MARUTI,12681.2,27-Feb-2025,12000.0,723.0,12.7
2025-02-19 13:15:31,MARUTI,12681.2,27-Mar-2025,12000.0,853.55,85.05
2025-02-19 13:15:31,MARUTI,12681.2,27-Feb-2025,12100.0,630.5,14.65
2025-02-19 13:15:31,MARUTI,12681.2,27-Mar-2025,12100.0,0.0,0.0
2025-02-19 13:15:31,MARUTI,12681.2,27-Feb-2025,12200.0,534.9,18.9
2025-02-19 13:15:31,MARUTI,12681.2,27-Mar-2025,12200.0,0.0,0.0
2025-02-19 13:15:31,MARUTI,12681.2,27-Feb-2025,12300.0,439.9,26.0
2025-02-19 13:15:31,MARUTI,12681.2,27-Mar-2025,12300.0,0.0,154.85
2025-02-19 13:15:31,MARUTI,12681.2,27-Feb-2025,12400.0,348.5,36.4
2025-02-19 13:15:31,MARUTI,12681.2,27-Mar-2025,12400.0,0.0,0.0
2025-02-19 13:15:31,MARUTI,12681.2,24-Apr-2025,12400.0,,0.0
2025-02-19 13:15:31,MARUTI,12681.2,27-Feb-2025,12500.0,269.5,56.0
2025-02-19 13:15:31,MARUTI,12681.2,27-Mar-2025,12500.0,476.5,194.95
2025-02-19 13:15:31,MARUTI,12681.2,27-Feb-2025,12600.0,188.65,82.0
2025-02-19 13:15:31,MARUTI,12681.2,27-Mar-2025,12600.0,440.65,231.4
2025-02-19 13:15:31,MARUTI,12681.2,27-Feb-2025,12700.0,129.3,121.0
2025-02-19 13:15:31,MARUTI,12681.2,27-Mar-2025,12700.0,349.75,261.35
2025-02-19 13:15:31,MARUTI,12681.2,27-Feb-2025,12800.0,82.5,172.8
2025-02-19 13:15:31,MARUTI,12681.2,27-Mar-2025,12800.0,288.0,304.9
2025-02-19 13:15:31,MARUTI,12681.2,27-Feb-2025,12900.0,51.75,241.6
2025-02-19 13:15:31,MARUTI,12681.2,27-Mar-2025,12900.0,237.7,0.0
2025-02-19 13:15:31,MARUTI,12681.2,27-Feb-2025,13000.0,31.95,318.0
2025-02-19 13:15:31,MARUTI,12681.2,27-Mar-2025,13000.0,200.0,411.0
2025-02-19 13:15:31,MARUTI,12681.2,27-Feb-2025,13100.0,18.25,407.0
2025-02-19 13:15:31,MARUTI,12681.2,27-Mar-2025,13100.0,159.7,0.0
2025-02-19 13:15:31,MARUTI,12681.2,27-Feb-2025,13200.0,11.4,497.4
2025-02-19 13:15:31,MARUTI,12681.2,27-Mar-2025,13200.0,132.0,0.0
2025-02-19 13:15:31,MARUTI,12681.2,27-Feb-2025,13300.0,8.3,595.6
2025-02-19 13:15:31,MARUTI,12681.2,27-Mar-2025,13300.0,0.0,0.0
2025-02-19 13:15:31,MARUTI,12681.2,27-Feb-2025,13400.0,6.55,0.0
2025-02-19 13:15:31,MARUTI,12681.2,27-Mar-2025,13400.0,90.2,0.0
2025-02-19 13:15:31,MARUTI,12681.2,27-Feb-2025,13500.0,5.0,800.0
2025-02-19 13:15:31,MARUTI,12681.2,27-Mar-2025,13500.0,73.0,0.0
2025-02-19 13:15:31,MARUTI,12681.2,27-Feb-2025,13600.0,4.3,0.0
2025-02-19 13:15:31,MARUTI,12681.2,27-Mar-2025,13600.0,0.0,0.0
2025-02-19 13:15:31,MARUTI,12681.2,27-Feb-2025,13700.0,3.85,0.0
2025-02-19 13:15:31,MARUTI,12681.2,27-Mar-2025,13700.0,0.0,0.0
2025-02-19 13:15:31,MARUTI,12681.2,27-Feb-2025,13800.0,3.55,1080.0
2025-02-19 13:15:31,MARUTI,12681.2,27-Mar-2025,13800.0,41.95,0.0
2025-02-19 13:15:31,MARUTI,12681.2,27-Feb-2025,13900.0,3.35,0.0
2025-02-19 13:15:31,MARUTI,12681.2,27-Mar-2025,13900.0,0.0,0.0
2025-02-19 13:15:31,MARUTI,12681.2,27-Feb-2025,14000.0,2.8,1232.65
2025-02-19 13:15:31,MARUTI,12681.2,27-Mar-2025,14000.0,27.05,0.0
2025-02-19 13:15:31,MARUTI,12681.2,27-Feb-2025,14100.0,2.9,0.0
2025-02-19 13:15:31,MARUTI,12681.2,27-Mar-2025,14100.0,0.0,0.0
2025-02-19 13:15:31,MARUTI,12681.2,27-Feb-2025,14200.0,2.8,0.0
2025-02-19 13:15:31,MARUTI,12681.2,27-Mar-2025,14200.0,21.5,0.0
2025-02-19 13:15:31,MARUTI,12681.2,27-Feb-2025,14300.0,2.15,0.0
2025-02-19 13:15:31,MARUTI,12681.2,27-Mar-2025,14300.0,0.0,0.0
2025-02-19 13:15:31,MARUTI,12681.2,27-Feb-2025,14400.0,1.45,0.0
2025-02-19 13:15:31,MARUTI,12681.2,27-Mar-2025,14400.0,0.0,0.0
2025-02-19 13:15:31,MARUTI,12681.2,27-Feb-2025,14500.0,1.35,0.0
2025-02-19 13:15:31,MARUTI,12681.2,27-Mar-2025,14500.0,0.0,0.0
2025-02-19 13:15:31,MARUTI,12681.2,27-Feb-2025,14600.0,1.25,0.0
2025-02-19 13:15:31,MARUTI,12681.2,27-Mar-2025,14600.0,0.0,0.0
2025-02-19 13:15:31,MARUTI,12681.2,27-Feb-2025,14700.0,0.95,0.0
2025-02-19 13:15:31,MARUTI,12681.2,27-Mar-2025,14700.0,0.0,0.0
2025-02-19 13:15:31,MARUTI,12681.2,27-Feb-2025,14800.0,0.5,0.0
2025-02-19 13:15:31,MARUTI,12681.2,27-Mar-2025,14800.0,0.0,0.0
2025-02-19 13:15:34,WIPRO,313.2,27-Feb-2025,244.0,,0.05
2025-02-19 13:15:34,WIPRO,313.2,27-Mar-2025,244.0,,0.55
2025-02-19 13:15:34,WIPRO,313.2,27-Feb-2025,246.5,,0.0
2025-02-19 13:15:34,WIPRO,313.2,27-Feb-2025,249.0,0.0,0.1
2025-02-19 13:15:34,WIPRO,313.2,27-Feb-2025,254.0,0.0,0.05
2025-02-19 13:15:34,WIPRO,313.2,27-Feb-2025,259.0,,0.05
2025-02-19 13:15:34,WIPRO,313.2,27-Feb-2025,260.0,0.0,0.0
2025-02-19 13:15:34,WIPRO,313.2,27-Mar-2025,260.0,0.0,
2025-02-19 13:15:34,WIPRO,313.2,27-Feb-2025,261.5,,0.0
2025-02-19 13:15:34,WIPRO,313.2,27-Feb-2025,264.0,0.0,0.1
2025-02-19 13:15:34,WIPRO,313.2,27-Mar-2025,264.0,,0.85
2025-02-19 13:15:34,WIPRO,313.2,27-Feb-2025,265.0,0.0,0.0
2025-02-19 13:15:34,WIPRO,313.2,27-Mar-2025,265.0,0.0,0.0
2025-02-19 13:15:34,WIPRO,313.2,27-Feb-2025,266.5,,0.0
2025-02-19 13:15:34,WIPRO,313.2,27-Feb-2025,269.0,0.0,0.05
2025-02-19 13:15:34,WIPRO,313.2,27-Feb-2025,270.0,0.0,0.1
2025-02-19 13:15:34,WIPRO,313.2,27-Mar-2025,270.0,0.0,0.0
2025-02-19 13:15:34,WIPRO,313.2,27-Feb-2025,271.5,,0.0
2025-02-19 13:15:34,WIPRO,313.2,27-Feb-2025,272.5,,0.0
2025-02-19 13:15:34,WIPRO,313.2,27-Feb-2025,274.0,39.0,0.1
2025-02-19 13:15:34,WIPRO,313.2,27-Feb-2025,275.0,0.0,0.1
2025-02-19 13:15:34,WIPRO,313.2,27-Mar-2025,275.0,0.0,1.15
2025-02-19 13:15:34,WIPRO,313.2,27-Feb-2025,276.5,,0.0
2025-02-19 13:15:34,WIPRO,313.2,27-Feb-2025,277.5,0.0,0.0
2025-02-19 13:15:34,WIPRO,313.2,27-Mar-2025,277.5,0.0,0.0
2025-02-19 13:15:34,WIPRO,313.2,27-Feb-2025,279.0,0.0,0.15
2025-02-19 13:15:34,WIPRO,313.2,27-Feb-2025,280.0,0.0,0.15
2025-02-19 13:15:34,WIPRO,313.2,27-Mar-2025,280.0,0.0,1.45
2025-02-19 13:15:34,WIPRO,313.2,27-Feb-2025,281.5,0.0,0.0
2025-02-19 13:15:34,WIPRO,313.2,27-Feb-2025,282.5,0.0,0.15
2025-02-19 13:15:34,WIPRO,313.2,27-Mar-2025,282.5,0.0,0.0
2025-02-19 13:15:34,WIPRO,313.2,27-Feb-2025,284.0,30.5,0.25
2025-02-19 13:15:34,WIPRO,313.2,27-Feb-2025,285.0,0.0,0.2
2025-02-19 13:15:34,WIPRO,313.2,27-Mar-2025,285.0,,1.9
2025-02-19 13:15:34,WIPRO,313.2,27-Feb-2025,286.5,,0.35
2025-02-19 13:15:34,WIPRO,313.2,27-Feb-2025,287.5,0.0,0.3
2025-02-19 13:15:34,WIPRO,313.2,27-Mar-2025,287.5,0.0,0.0
2025-02-19 13:15:34,WIPRO,313.2,27-Feb-2025,289.0,26.9,0.35
2025-02-19 13:15:34,WIPRO,313.2,27-Feb-2025,290.0,0.0,0.4
2025-02-19 13:15:34,WIPRO,313.2,27-Mar-2025,290.0,28.0,2.55
2025-02-19 13:15:34,WIPRO,313.2,24-Apr-2025,290.0,,0.0
2025-02-19 13:15:34,WIPRO,313.2,27-Feb-2025,291.5,0.0,0.5
2025-02-19 13:15:34,WIPRO,313.2,27-Feb-2025,292.5,0.0,0.5
2025-02-19 13:15:34,WIPRO,313.2,27-Mar-2025,292.5,0.0,3.0
2025-02-19 13:15:34,WIPRO,313.2,27-Feb-2025,294.0,20.8,0.55
2025-02-19 13:15:34,WIPRO,313.2,27-Mar-2025,294.0,26.0,0.0
2025-02-19 13:15:34,WIPRO,313.2,27-Feb-2025,295.0,0.0,0.65
2025-02-19 13:15:34,WIPRO,313.2,27-Mar-2025,295.0,0.0,3.5
2025-02-19 13:15:34,WIPRO,313.2,24-Apr-2025,295.0,,5.5
2025-02-19 13:15:34,WIPRO,313.2,27-Feb-2025,296.5,18.25,0.9
2025-02-19 13:15:34,WIPRO,313.2,27-Feb-2025,297.5,0.0,0.8
2025-02-19 13:15:34,WIPRO,313.2,27-Mar-2025,297.5,0.0,0.0
2025-02-19 13:15:34,WIPRO,313.2,27-Feb-2025,299.0,0.0,1.05
2025-02-19 13:15:34,WIPRO,313.2,27-Mar-2025,299.0,,4.05
2025-02-19 13:15:34,WIPRO,313.2,27-Feb-2025,300.0,14.6,1.2
2025-02-19 13:15:34,WIPRO,313.2,27-Mar-2025,300.0,19.8,4.7
2025-02-19 13:15:34,WIPRO,313.2,24-Apr-2025,300.0,0.0,0.0
2025-02-19 13:15:34,WIPRO,313.2,27-Feb-2025,301.5,13.4,1.4
2025-02-19 13:15:34,WIPRO,313.2,27-Feb-2025,302.5,13.4,1.55
2025-02-19 13:15:34,WIPRO,313.2,27-Mar-2025,302.5,0.0,0.0
2025-02-19 13:15:34,WIPRO,313.2,27-Feb-2025,304.0,11.35,1.8
2025-02-19 13:15:34,WIPRO,313.2,27-Mar-2025,304.0,0.0,0.0
2025-02-19 13:15:34,WIPRO,313.2,27-Feb-2025,305.0,10.6,2.05
2025-02-19 13:15:34,WIPRO,313.2,27-Mar-2025,305.0,0.0,0.0
2025-02-19 13:15:34,WIPRO,313.2,24-Apr-2025,305.0,,0.0
2025-02-19 13:15:34,WIPRO,313.2,27-Feb-2025,306.5,9.45,2.4
2025-02-19 13:15:34,WIPRO,313.2,27-Feb-2025,307.5,8.75,2.65
2025-02-19 13:15:34,WIPRO,313.2,27-Mar-2025,307.5,0.0,6.45
2025-02-19 13:15:34,WIPRO,313.2,27-Feb-2025,309.0,7.65,3.15
2025-02-19 13:15:34,WIPRO,313.2,27-Feb-2025,310.0,7.0,3.5
2025-02-19 13:15:34,WIPRO,313.2,27-Mar-2025,310.0,12.85,7.7
2025-02-19 13:15:34,WIPRO,313.2,24-Apr-2025,310.0,0.0,0.0
2025-02-19 13:15:34,WIPRO,313.2,27-Feb-2025,311.5,6.1,4.0
2025-02-19 13:15:34,WIPRO,313.2,27-Feb-2025,312.5,5.5,4.5
2025-02-19 13:15:34,WIPRO,313.2,27-Mar-2025,312.5,0.0,8.5
2025-02-19 13:15:34,WIPRO,313.2,27-Feb-2025,314.0,4.7,5.2
2025-02-19 13:15:34,WIPRO,313.2,27-Mar-2025,314.0,0.0,
2025-02-19 13:15:34,WIPRO,313.2,27-Feb-2025,315.0,4.25,5.7
2025-02-19 13:15:34,WIPRO,313.2,27-Mar-2025,315.0,10.05,9.85
2025-02-19 13:15:34,WIPRO,313.2,24-Apr-2025,315.0,0.0,
2025-02-19 13:15:34,WIPRO,313.2,27-Feb-2025,316.5,3.55,6.5
2025-02-19 13:15:34,WIPRO,313.2,27-Feb-2025,317.5,3.15,7.1
2025-02-19 13:15:34,WIPRO,313.2,27-Mar-2025,317.5,10.0,11.6
2025-02-19 13:15:34,WIPRO,313.2,27-Feb-2025,319.0,2.6,8.1
2025-02-19 13:15:34,WIPRO,313.2,27-Feb-2025,320.0,2.35,8.8
2025-02-19 13:15:34,WIPRO,313.2,27-Mar-2025,320.0,7.75,12.4
2025-02-19 13:15:34,WIPRO,313.2,24-Apr-2025,320.0,0.0,
2025-02-19 13:15:34,WIPRO,313.2,27-Feb-2025,321.5,1.95,9.8
2025-02-19 13:15:34,WIPRO,313.2,27-Feb-2025,322.5,1.8,10.65
2025-02-19 13:15:34,WIPRO,313.2,27-Mar-2025,322.5,6.5,0.0
2025-02-19 13:15:34,WIPRO,313.2,27-Feb-2025,324.0,1.4,11.75
2025-02-19 13:15:34,WIPRO,313.2,27-Mar-2025,324.0,6.55,
2025-02-19 13:15:34,WIPRO,313.2,27-Feb-2025,325.0,1.25,13.05
2025-02-19 13:15:34,WIPRO,313.2,27-Mar-2025,325.0,5.85,0.0
2025-02-19 13:15:34,WIPRO,313.2,24-Apr-2025,325.0,0.0,
2025-02-19 13:15:34,WIPRO,313.2,27-Feb-2025,326.5,1.05,0.0
2025-02-19 13:15:34,WIPRO,313.2,27-Feb-2025,327.5,0.9,0.0
2025-02-19 13:15:34,WIPRO,313.2,27-Mar-2025,327.5,0.0,0.0
2025-02-19 13:15:34,WIPRO,313.2,27-Feb-2025,329.0,0.85,14.25
2025-02-19 13:15:34,WIPRO,313.2,27-Feb-2025,330.0,0.7,16.95
2025-02-19 13:15:34,WIPRO,313.2,27-Mar-2025,330.0,4.5,0.0
2025-02-19 13:15:34,WIPRO,313.2,24-Apr-2025,330.0,0.0,
2025-02-19 13:15:34,WIPRO,313.2,27-Feb-2025,331.5,0.6,0.0
2025-02-19 13:15:34,WIPRO,313.2,27-Feb-2025,332.5,0.55,0.0
2025-02-19 13:15:34,WIPRO,313.2,27-Mar-2025,332.5,0.0,0.0
2025-02-19 13:15:34,WIPRO,313.2,27-Feb-2025,334.0,0.5,0.0
2025-02-19 13:15:34,WIPRO,313.2,27-Mar-2025,334.0,3.6,
2025-02-19 13:15:34,WIPRO,313.2,27-Feb-2025,335.0,0.45,0.0
2025-02-19 13:15:34,WIPRO,313.2,27-Mar-2025,335.0,3.4,0.0
2025-02-19 13:15:34,WIPRO,313.2,24-Apr-2025,335.0,0.0,
2025-02-19 13:15:34,WIPRO,313.2,27-Feb-2025,336.5,0.45,
2025-02-19 13:15:34,WIPRO,313.2,27-Feb-2025,337.5,0.4,0.0
2025-02-19 13:15:34,WIPRO,313.2,27-Mar-2025,337.5,2.75,0.0
2025-02-19 13:15:34,WIPRO,313.2,27-Feb-2025,339.0,0.35,
2025-02-19 13:15:34,WIPRO,313.2,27-Feb-2025,340.0,0.3,0.0
2025-02-19 13:15:34,WIPRO,313.2,27-Mar-2025,340.0,2.55,28.95
2025-02-19 13:15:34,WIPRO,313.2,27-Feb-2025,341.5,0.25,
2025-02-19 13:15:34,WIPRO,313.2,27-Feb-2025,342.5,0.0,0.0
2025-02-19 13:15:34,WIPRO,313.2,27-Mar-2025,342.5,0.0,0.0
2025-02-19 13:15:34,WIPRO,313.2,27-Feb-2025,344.0,0.25,0.0
2025-02-19 13:15:34,WIPRO,313.2,27-Feb-2025,345.0,0.2,0.0
2025-02-19 13:15:34,WIPRO,313.2,27-Mar-2025,345.0,2.0,0.0
2025-02-19 13:15:34,WIPRO,313.2,27-Feb-2025,347.5,0.0,0.0
2025-02-19 13:15:34,WIPRO,313.2,27-Mar-2025,347.5,0.0,0.0
2025-02-19 13:15:34,WIPRO,313.2,27-Feb-2025,349.0,0.15,
2025-02-19 13:15:34,WIPRO,313.2,27-Feb-2025,350.0,0.2,34.5
2025-02-19 13:15:34,WIPRO,313.2,27-Mar-2025,350.0,1.35,35.0
2025-02-19 13:15:34,WIPRO,313.2,27-Feb-2025,354.0,0.1,
2025-02-19 13:15:34,WIPRO,313.2,27-Feb-2025,355.0,0.05,0.0
2025-02-19 13:15:34,WIPRO,313.2,27-Mar-2025,355.0,1.0,0.0
2025-02-19 13:15:34,WIPRO,313.2,27-Feb-2025,359.0,0.05,0.0
2025-02-19 13:15:34,WIPRO,313.2,27-Feb-2025,360.0,0.05,0.0
2025-02-19 13:15:34,WIPRO,313.2,27-Mar-2025,360.0,0.85,0.0
2025-02-19 13:15:34,WIPRO,313.2,24-Apr-2025,360.0,0.0,
2025-02-19 13:15:34,WIPRO,313.2,27-Feb-2025,365.0,0.0,0.0
2025-02-19 13:15:34,WIPRO,313.2,27-Mar-2025,365.0,0.65,0.0
